datetime,ac_power,dc_power,ambient_temp,module_temp,irradiation
2020-05-15 00:00:00,0.0,0.0,25.012696950000002,22.643083233333332,0.0
2020-05-15 01:00:00,0.0,0.0,24.66732843928571,22.41195959404762,0.0
2020-05-15 02:00:00,0.0,0.0,24.98683673333333,23.51207183333333,0.0
2020-05-15 03:00:00,0.0,0.0,24.954589040476186,24.126433492857146,0.0
2020-05-15 04:00:00,0.0,0.0,24.27666985,22.133105999999998,0.0
2020-05-15 05:00:00,0.0,0.0,24.274983049999996,23.02011823452381,0.000215680310333325
2020-05-15 06:00:00,1238.727678577,12745.498512157501,24.07395065,22.9739853,0.04324318552999995
2020-05-15 07:00:00,4262.353630924999,43481.326785,24.889582025,28.806721364285714,0.14756142282857138
2020-05-15 08:00:00,9110.83610115,92851.747618,26.160301766666667,36.58531696666666,0.31628041066666657
2020-05-15 09:00:00,12302.17366075,125579.29910725,27.644041851190476,42.92346050833333,0.4396227654285715
2020-05-15 10:00:00,14292.24223215,145992.3866065,28.90181376666667,48.36988061666666,0.5150172215
2020-05-15 11:00:00,16557.2865473,169286.6547595,30.18125093809524,48.84254719285714,0.5618510868928571
2020-05-15 12:00:00,18885.107737825,193173.7083375,31.837944483333334,50.50314281666666,0.6783298891666667
2020-05-15 13:00:00,15327.566071500001,156531.74107175,32.58073820119048,47.702169028571426,0.5102064738571428
2020-05-15 14:00:00,19202.96598215,196467.3654795,33.917765453571434,51.74296217738095,0.6594180685952381
2020-05-15 15:00:00,13380.3696428,136588.25,34.19202876666667,45.24501753333333,0.43940194566666657
2020-05-15 16:00:00,9580.4733631,97617.625,34.18140343333333,41.259987966666664,0.3230948608333333
2020-05-15 17:00:00,3357.5050595375,34318.1279765,33.02189040952381,34.64146269404762,0.11656907559047618
2020-05-15 18:00:00,210.13214285875,2176.0544642775,29.18877659404762,28.038944299999997,0.00838397645314285
2020-05-15 19:00:00,0.0,0.0,26.3398656,24.710708200000003,5.6400666e-05
2020-05-15 20:00:00,0.0,0.0,22.60343674404762,20.428886111904763,0.0
2020-05-15 21:00:00,0.0,0.0,22.186489316666666,20.739117483333334,0.0
2020-05-15 22:00:00,0.0,0.0,22.13324119047619,20.882504382142855,0.0
2020-05-15 23:00:00,0.0,0.0,22.23601830769231,21.241316538461536,0.0
2020-05-16 00:00:00,,,,,
2020-05-16 01:00:00,,,,,
2020-05-16 02:00:00,0.0,0.0,21.594316733333333,19.80222738333333,0.0
2020-05-16 03:00:00,0.0,0.0,21.707953366666665,20.25878603333333,0.0
2020-05-16 04:00:00,0.0,0.0,21.92854975595238,20.762247840476192,0.0
2020-05-16 05:00:00,0.0,0.0,21.9089015,20.61456405,3.679236605e-05
2020-05-16 06:00:00,1187.89999997275,12243.7946423825,21.977285575,21.018062401190473,0.039656076961309475
2020-05-16 07:00:00,5082.67142855,51823.142857,22.867214584523808,25.23972486785714,0.16622843759523806
2020-05-16 08:00:00,11535.70089285,117655.1383935,24.810612966666664,34.82467651666667,0.3835834596666667
2020-05-16 09:00:00,13702.236607175,139872.272321,26.480266933333333,39.938825566666665,0.4604658103333333
2020-05-16 10:00:00,17335.01562495,177144.178573,28.15197038809524,47.41450148333333,0.552785017345238
2020-05-16 11:00:00,17061.490624949998,174324.15625125,29.51412865,47.71051726666666,0.5584641586666665
2020-05-16 12:00:00,20465.747767475,209359.486607,30.643568545238097,50.86235429761904,0.6954473704761904
2020-05-16 13:00:00,18734.008036,191531.34821575,31.490084383333333,50.48822185,0.6139163518333333
2020-05-16 14:00:00,15922.526785675,162633.84375075,32.0017147202381,47.24071738690476,0.5202818691071428
2020-05-16 15:00:00,11875.821428625,121146.90625025,32.34811151666666,43.648819533333324,0.3836832741666666
2020-05-16 16:00:00,5959.491071425,60720.352679,31.945855309523807,36.14177540119047,0.18631905705952378
2020-05-16 17:00:00,2952.0566964275,30230.60714335,31.40916235,32.052246016666665,0.0932087213833333
2020-05-16 18:00:00,275.2883928625,2849.151785625,29.379739349999998,26.67844488333333,0.008846148554976651
2020-05-16 19:00:00,0.0,0.0,27.773843579761902,25.173710835714285,0.0
2020-05-16 20:00:00,0.0,0.0,26.609752547619046,24.006616385714285,0.0
2020-05-16 21:00:00,0.0,0.0,25.508788466666665,22.83895318333333,0.0
2020-05-16 22:00:00,0.0,0.0,24.74963269761905,22.099702804761904,0.0
2020-05-16 23:00:00,0.0,0.0,24.370390283333332,22.0790273,0.0
2020-05-17 00:00:00,0.0,0.0,24.0033637,21.570909944047617,0.0
2020-05-17 01:00:00,0.0,0.0,23.773983484375,21.613145309375,0.0
2020-05-17 02:00:00,0.0,0.0,23.40926451547619,21.333184027380955,0.0
2020-05-17 03:00:00,0.0,0.0,23.106247950000004,21.16272228333333,0.0
2020-05-17 04:00:00,0.0,0.0,22.825052916666667,20.967664583333335,0.0
2020-05-17 05:00:00,0.0,0.0,22.56940003452381,21.014346436904763,8.33637205e-05
2020-05-17 06:00:00,777.219642865,8020.19196425,22.780542049999998,21.898464,0.029804955638333325
2020-05-17 07:00:00,5937.74821435,60543.3660715,23.785956519047616,27.036007041666664,0.21195417485238088
2020-05-17 08:00:00,12564.4558036,128218.37499975,25.97143091666667,39.30826661666667,0.43525991499999994
2020-05-17 09:00:00,17692.66473235,180816.81696525,28.375963504761906,47.53485876190476,0.6042784054880952
2020-05-17 10:00:00,22159.221429125,226837.57142975,30.33595685,51.79666196666666,0.7530183226666667
2020-05-17 11:00:00,25013.164582875,256402.05356899998,31.88541513452381,60.1113761095238,0.9144147961666667
2020-05-17 12:00:00,20181.87008905,206562.37946475,33.05976041666667,56.041961300000004,0.7314588040000001
2020-05-17 13:00:00,16702.277678325,170837.45982125,33.680019560714285,50.87901851904762,0.5605612115714285
2020-05-17 14:00:00,15158.1178571,154940.383927,34.24005043333334,48.93140163333333,0.5259670066666666
2020-05-17 15:00:00,15370.110267850001,157003.941963,34.98917440952381,49.21295312023809,0.5185228104285714
2020-05-17 16:00:00,10250.1885417,104515.54315525,31.174709830952377,38.86334765595238,0.3352452847619047
2020-05-17 17:00:00,3198.65133921,32734.812500625,27.844508734523806,30.243215540476193,0.10356787474523806
2020-05-17 18:00:00,238.1571428575,2465.74107145,26.157002700000003,25.36307478333333,0.008707614050644949
2020-05-17 19:00:00,0.0,0.0,25.89215509285714,24.07597265119048,0.0
2020-05-17 20:00:00,0.0,0.0,25.4372325,24.018703249999998,0.0
2020-05-17 21:00:00,0.0,0.0,22.672175189285714,21.616323048809523,0.0
2020-05-17 22:00:00,0.0,0.0,21.282171183333332,20.5714665,0.0
2020-05-17 23:00:00,0.0,0.0,21.229909388095237,20.605397145238094,0.0
2020-05-18 00:00:00,0.0,0.0,21.119113166666665,20.534996016666668,0.0
2020-05-18 01:00:00,0.0,0.0,21.017826299999996,20.409069783333333,0.0
2020-05-18 02:00:00,0.0,0.0,21.079607952380954,20.260328083333334,0.0
2020-05-18 03:00:00,0.0,0.0,21.342248533333333,20.76537223333333,0.0
2020-05-18 04:00:00,0.0,0.0,21.161303357142856,20.12031880119048,0.0
2020-05-18 05:00:00,0.0,0.0,21.146922449999998,19.957759616666667,0.000129991415833325
2020-05-18 06:00:00,1253.0294643197499,12914.10714305,21.505703271428573,21.206793042857143,0.042866835285238075
2020-05-18 07:00:00,5165.076785775,52668.316964000005,22.459750416666665,26.47023108333333,0.16711463099999999
2020-05-18 08:00:00,3438.9758928749998,35185.27232075,23.406023174999998,26.899411533333332,0.10386008539404758
2020-05-18 09:00:00,3503.555803525,35815.709821,23.757182816666663,27.298904366666665,0.10537978321666665
2020-05-18 10:00:00,6910.933928575,70465.79017825,24.01112490595238,28.96312941547619,0.20958487426666667
2020-05-18 11:00:00,13432.91875005,137114.0401795,25.126056416666664,38.40726119999999,0.42150088016666665
2020-05-18 12:00:00,17865.010267849997,182556.72321425,26.44752098333333,44.38732865,0.577475432
2020-05-18 13:00:00,22601.800892875,231447.5044655,27.343820420238092,47.82486024404762,0.7671310242380952
2020-05-18 14:00:00,14792.533482025,151118.61606975,27.673273199999997,43.68171495,0.48995834299999996
2020-05-18 15:00:00,16316.691964325,166665.67857125,27.475132788095237,42.912243978571425,0.531226582
2020-05-18 16:00:00,9050.29107145,92227.2142855,27.395660899999996,36.44824796666666,0.29153992883333335
2020-05-18 17:00:00,3096.951339275,31702.4508924,26.212608055952384,28.593954072619045,0.09719897547023806
2020-05-18 18:00:00,314.65758928500003,3255.7098214000002,24.89978798333333,24.199809283333334,0.01165390506784995
2020-05-18 19:00:00,0.0,0.0,24.479608666666664,23.07689513333333,0.0
2020-05-18 20:00:00,0.0,0.0,24.11428349166667,22.052794784523805,0.0
2020-05-18 21:00:00,0.0,0.0,23.57697143333333,21.436995449999998,0.0
2020-05-18 22:00:00,0.0,0.0,22.91703935238095,20.783325619047616,0.0
2020-05-18 23:00:00,0.0,0.0,22.7539302,20.8525065,0.0
2020-05-19 00:00:00,0.0,0.0,22.569811802380947,20.528161026190475,0.0
2020-05-19 01:00:00,0.0,0.0,22.628986116666667,20.65906688333333,0.0
2020-05-19 02:00:00,0.0,0.0,22.84524666309524,20.79563029642857,0.0
2020-05-19 03:00:00,0.0,0.0,23.018200716666666,20.81359565,0.0
2020-05-19 04:00:00,0.0,0.0,23.190629279761904,20.87247735357143,0.0
2020-05-19 05:00:00,0.0,0.0,23.258594249999998,21.1526632,7.957945421665e-05
2020-05-19 06:00:00,530.88125000625,5473.937499955,23.410224386904762,22.44525894047619,0.018353297481666624
2020-05-19 07:00:00,5957.144196475,60717.258929,24.59851998333333,28.17446443333333,0.19582242541666664
2020-05-19 08:00:00,6887.954910725,70196.040179,25.443725348809522,32.419492394047616,0.22415173608809524
2020-05-19 09:00:00,14587.594642825,148969.14285675,26.864864566666668,42.09147131666666,0.4959170546666666
2020-05-19 10:00:00,15944.082589275,162951.29464325,27.75621028333333,43.61470402619047,0.5493137353452381
2020-05-19 11:00:00,15517.661706166667,158632.928573,28.25326722777778,45.474864930555555,0.5319547189999999
2020-05-19 12:00:00,22905.2583333,234472.66666649998,29.79805053333333,50.2430749,0.787080141
2020-05-19 13:00:00,18939.955803625002,193630.392862,29.900670966666667,48.4894446,0.6253125728333334
2020-05-19 14:00:00,20651.58035695,211182.11606875,30.17277315595238,49.776135800000006,0.6901497009404761
2020-05-19 15:00:00,13673.59910715,139575.25000025,29.950729866666663,42.92621055,0.4474687416666666
2020-05-19 16:00:00,10035.907142875,102334.9419635,29.67801833452381,39.509916108333336,0.3611488084523809
2020-05-19 17:00:00,2762.6129464225,28242.808035875,28.363814249999997,31.20082445,0.11051163686666665
2020-05-19 18:00:00,0.43437499999999996,4.5,23.316263140476188,22.243057317857144,0.00047997434626663335
2020-05-19 19:00:00,0.0,0.0,22.499559583333333,20.559704566666667,0.0
2020-05-19 20:00:00,0.0,0.0,23.130025716666665,20.503182483333333,0.0
2020-05-19 21:00:00,0.0,0.0,23.948110770238095,21.387568289285714,0.0
2020-05-19 22:00:00,0.0,0.0,23.58156378333333,21.291150949999995,0.0
2020-05-19 23:00:00,0.0,0.0,22.89346925357143,20.42818446904762,0.0
2020-05-20 00:00:00,0.0,0.0,22.290050266666668,20.111283866666664,0.0
2020-05-20 01:00:00,0.0,0.0,22.161183444047616,19.887477813095238,0.0
2020-05-20 02:00:00,0.0,0.0,22.01137848333333,19.463808066666665,0.0
2020-05-20 03:00:00,0.0,0.0,22.012319247619047,19.452436186904762,0.0
2020-05-20 04:00:00,0.0,0.0,22.122256033333333,19.4709178,0.0
2020-05-20 05:00:00,0.0,0.0,21.846556798809523,18.907921072619047,3.684209000000001e-06
2020-05-20 06:00:00,1177.1825893015,12141.892857127501,21.80262003333333,19.76662095,0.04088675475666662
2020-05-20 07:00:00,6402.7839286,65241.0758935,23.197775357142856,25.18499513452381,0.23003979838095234
2020-05-20 08:00:00,13415.479464375,136932.58928625,25.34270525,36.64516196666667,0.45933566699999995
2020-05-20 09:00:00,18595.89732145,190053.18750025,27.10947146904762,44.00745019523809,0.6307187538452381
2020-05-20 10:00:00,23186.894196524998,237273.35714,28.52478485,50.13947648333333,0.7963303183333332
2020-05-20 11:00:00,25946.05267875,266004.2232125,29.782175633333335,54.193612216666665,0.9001110031666666
2020-05-20 12:00:00,27325.8986605,280237.6294625,31.023028686904766,58.387927010714286,0.9690397647261905
2020-05-20 13:00:00,25460.979226,261007.75118,31.45943844242424,56.55488405757576,0.9001322504545453
2020-05-20 14:00:00,,,,,
2020-05-20 15:00:00,,,,,
2020-05-20 16:00:00,,,,,
2020-05-20 17:00:00,3660.5080356999997,37390.4642855,29.150322616666664,31.4666188,0.12404832316666665
2020-05-20 18:00:00,660.2093750015,6813.3794642525,27.77857989642857,26.925524027380952,0.022829525131273766
2020-05-20 19:00:00,0.0,0.0,26.233910533333333,23.549506649999998,0.0
2020-05-20 20:00:00,0.0,0.0,25.394888816666665,22.467924566666667,0.0
2020-05-20 21:00:00,0.0,0.0,24.73416100119048,21.87433841547619,0.0
2020-05-20 22:00:00,0.0,0.0,24.19025290595238,21.44324423333333,0.0
2020-05-20 23:00:00,,,23.672662023809522,20.751375566666667,0.0
2020-05-21 00:00:00,,,23.31028097777778,20.33147522222222,0.0
2020-05-21 01:00:00,,,,,
2020-05-21 02:00:00,,,,,
2020-05-21 03:00:00,,,,,
2020-05-21 04:00:00,,,,,
2020-05-21 05:00:00,,,,,
2020-05-21 06:00:00,,,,,
2020-05-21 07:00:00,7494.9,76297.85,23.530553636363635,30.40324263636364,0.3223960490909091
2020-05-21 08:00:00,12920.261517925,131879.82886875002,24.739467366666666,37.702160066666664,0.44325642666666665
2020-05-21 09:00:00,19776.097767825,202196.5133915,27.047764673809525,48.870910553571434,0.7028915417023809
2020-05-21 10:00:00,17933.296249625,183555.5806545,28.462232999999998,50.964982083333325,0.6937580926666667
2020-05-21 11:00:00,25497.74330315,261345.745528,29.85705540714286,57.81069410833334,0.9209442712142858
2020-05-21 12:00:00,21382.785714625003,218951.116072,30.723835833333332,54.708423483333334,0.776878259
2020-05-21 13:00:00,23835.03464285,244251.835417,31.539038739285715,55.88179280119048,0.8500099465595238
2020-05-21 14:00:00,18067.868303850002,184863.97768050001,31.86687515,50.3283804,0.6115290695
2020-05-21 15:00:00,15037.573958425,153595.61458225,32.12127010714286,47.7096035654762,0.5086676949523808
2020-05-21 16:00:00,7633.7669643,77729.41964175,30.945326766666668,37.849356533333335,0.2450269709
2020-05-21 17:00:00,1519.7816964325,15672.65178565,29.28367758333333,29.507903570238096,0.04725485009166665
2020-05-21 18:00:00,207.67723214,2150.290178575,27.549890116666667,26.0536448,0.0082264502778333
2020-05-21 19:00:00,0.0,0.0,26.273561976190475,24.026944217857142,0.0
2020-05-21 20:00:00,0.0,0.0,25.228687,22.96982275,0.0
2020-05-21 21:00:00,0.0,0.0,24.483799055952378,22.159342921428568,0.0
2020-05-21 22:00:00,0.0,0.0,24.138509666666668,21.587924216666664,0.0
2020-05-21 23:00:00,0.0,0.0,23.91243719404762,21.195494763095237,0.0
2020-05-22 00:00:00,0.0,0.0,23.62829435,21.216041533333332,0.0
2020-05-22 01:00:00,0.0,0.0,23.507252583333333,22.099617711904763,0.0
2020-05-22 02:00:00,0.0,0.0,23.42935159880952,22.314399926190475,0.0
2020-05-22 03:00:00,0.0,0.0,23.117065416666666,21.4549265,0.0
2020-05-22 04:00:00,0.0,0.0,22.972063497619047,21.38420957857143,0.0
2020-05-22 05:00:00,0.0,0.0,22.8479095,21.399191316666666,0.000266826762333325
2020-05-22 06:00:00,1534.4258928975,15809.584821225,23.095605360714284,22.636385639285713,0.05194381590547615
2020-05-22 07:00:00,7574.01517855,77194.209822,24.11722005,29.693450783333333,0.27283301596666665
2020-05-22 08:00:00,8745.7433035,89159.94970225,25.20296444761905,34.49204114404762,0.30174501195238096
2020-05-22 09:00:00,12165.643125025,124128.29732175,26.615702399999996,38.09819853333333,0.3933977091666666
2020-05-22 10:00:00,16376.926339225,167473.47321175,27.921672322619045,43.117950545238095,0.5765076142380952
2020-05-22 11:00:00,22024.643392375,225595.53601,29.524861666666666,51.96473235,0.8021581256666666
2020-05-22 12:00:00,23474.306250125,240477.205358,30.977001095238094,57.60786207380953,0.8808289983690476
2020-05-22 13:00:00,22485.00074445,230033.28423325001,31.67726688333333,56.1729512,0.787116728
2020-05-22 14:00:00,21292.280356625,217947.15625175,32.286646835714286,54.683532088095234,0.7392159658571429
2020-05-22 15:00:00,13405.663392925,136862.18749975,32.47474150833334,48.41206835119048,0.4652432358452381
2020-05-22 16:00:00,5463.324553625,55670.5714295,30.537190799999998,36.172486766666665,0.17767499149999993
2020-05-22 17:00:00,2206.550000045,22655.46875015,29.199906978571427,30.77111201904762,0.0724919405928571
2020-05-22 18:00:00,209.00446428825,2164.2008928725,28.147688216666662,27.059440116666664,0.008356646485766625
2020-05-22 19:00:00,0.0,0.0,27.256123366666664,25.642492216666664,0.0
2020-05-22 20:00:00,0.0,0.0,26.699791504761905,24.99967506428571,0.0
2020-05-22 21:00:00,0.0,0.0,26.03650515,25.042627433333337,0.0
2020-05-22 22:00:00,0.0,0.0,23.57489425357143,22.621067716666666,0.0
2020-05-22 23:00:00,0.0,0.0,21.793151350000002,20.4367803,0.0
2020-05-23 00:00:00,0.0,0.0,21.655995233333336,20.53416766904762,0.0
2020-05-23 01:00:00,0.0,0.0,21.533191416666668,20.373434383333333,0.0
2020-05-23 02:00:00,0.0,0.0,21.813507476190477,20.54169314047619,0.0
2020-05-23 03:00:00,0.0,0.0,21.943901016666665,20.74042658333333,0.0
2020-05-23 04:00:00,0.0,0.0,22.073265483333333,21.118209609523806,0.0
2020-05-23 05:00:00,0.0,0.0,21.910055366666665,21.003902133333334,0.0
2020-05-23 06:00:00,1419.49333332,14655.7000001,22.344629916666666,22.08666241666667,0.0454442841666666
2020-05-23 07:00:00,5404.6254465249995,55093.129464975005,22.96647359642857,26.694234520238098,0.17861670604285715
2020-05-23 08:00:00,14317.512500025001,146172.9910715,25.194889933333332,39.68144375,0.49443552649999994
2020-05-23 09:00:00,18474.21607135,188845.16071225,27.368390041666668,46.074149996428574,0.6512008897500001
2020-05-23 10:00:00,19569.261160825,200174.94642825,28.205914766666666,48.53599695,0.6851064511666667
2020-05-23 11:00:00,26037.875892625,266946.08481425,29.71130791547619,57.357519714285715,0.9394699098928572
2020-05-23 12:00:00,25121.8383922,257417.16518275,31.02895253333333,61.49207671666666,0.9243867435
2020-05-23 13:00:00,25208.152678500002,258336.611615,32.14111893333333,58.826104266666675,0.9026499993333333
2020-05-23 14:00:00,17793.86473235,181874.62946125,32.77395768095238,53.2906561797619,0.6069630438690476
2020-05-23 15:00:00,16103.974107125,164504.035714,32.92367098333334,47.997737599999994,0.5139724243333333
2020-05-23 16:00:00,11821.058482225,120579.47321425,32.53408778452381,45.21551344523809,0.4057750891666666
2020-05-23 17:00:00,5242.64999995,53440.52678475,30.469380116666667,34.91620233333333,0.1779255627333333
2020-05-23 18:00:00,1021.16919644725,10505.616071415,28.780811283333335,29.0618039202381,0.03479947948210235
2020-05-23 19:00:00,0.0,0.0,27.485154666666666,25.809593166666666,0.0
2020-05-23 20:00:00,0.0,0.0,26.647221166666668,24.925855791666667,0.0
2020-05-23 21:00:00,0.0,0.0,26.12653675555556,23.968815799999998,0.0
2020-05-23 22:00:00,0.0,0.0,25.5640054,23.316331433333332,0.0
2020-05-23 23:00:00,0.0,0.0,24.940095873809526,22.538089322619047,0.0
2020-05-24 00:00:00,0.0,0.0,24.45264805833333,21.839049876190476,0.0
2020-05-24 01:00:00,0.0,0.0,24.30246935,22.170725360714286,0.0
2020-05-24 02:00:00,0.0,0.0,24.419165049999997,22.345417716666667,0.0
2020-05-24 03:00:00,0.0,0.0,23.98014059047619,21.35209923214286,0.0
2020-05-24 04:00:00,0.0,0.0,23.8138509,21.240207416666667,0.0
2020-05-24 05:00:00,0.0,0.0,23.419822979761907,20.33128835833333,0.00015498005066665
2020-05-24 06:00:00,1304.501785728,13442.8973214525,23.54794005,21.682673700000002,0.04433136856833332
2020-05-24 07:00:00,6160.5107142,62765.47321425,25.14631604404762,29.491129690476185,0.2370869135833333
2020-05-24 08:00:00,11964.18437495,122069.767857,26.496342466666665,37.10426285,0.4083468753333333
2020-05-24 09:00:00,15553.22142865,158875.5,27.571660245238093,42.08941777857143,0.5164013111666667
2020-05-24 10:00:00,19757.70089295,202236.102677,28.8105489,46.63701471666667,0.6915071745
2020-05-24 11:00:00,24207.755803725002,248070.4999985,30.448671817857143,56.750689767857146,0.8648312350833333
2020-05-24 12:00:00,25845.58482125,264963.24108,31.738319266666664,60.107316333333344,0.958445879
2020-05-24 13:00:00,24292.331249825,248994.7187485,32.94483433928571,60.45155063928571,0.8748722549404762
2020-05-24 14:00:00,20013.441517975,204776.3392795,33.60884705,56.511063083333326,0.7526318096666667
2020-05-24 15:00:00,11661.825,119056.46428575,33.40508370119048,48.11556207738094,0.40361039308333335
2020-05-24 16:00:00,8487.37455355,86548.04910775,32.883561150000006,40.08480376666667,0.28074439149999997
2020-05-24 17:00:00,5102.262499949999,52047.343749675,32.16733534166667,36.56946771190476,0.18004262501071425
2020-05-24 18:00:00,603.7580357100001,6242.07589285,29.9501348,28.740227266666665,0.0212878470783333
2020-05-24 19:00:00,0.0,0.0,28.246910939285712,26.278824442857143,0.0
2020-05-24 20:00:00,0.0,0.0,27.084617083333335,25.64338745,0.0
2020-05-24 21:00:00,0.0,0.0,25.790709704761905,23.78835332857143,0.0
2020-05-24 22:00:00,0.0,0.0,24.66484481666667,23.21441288333333,0.0
2020-05-24 23:00:00,0.0,0.0,24.108015670238093,22.946120139285714,0.0
2020-05-25 00:00:00,0.0,0.0,23.67953598333333,22.616472950000002,0.0
2020-05-25 01:00:00,0.0,0.0,23.793860658333337,22.630734195238094,0.0
2020-05-25 02:00:00,0.0,0.0,23.673393216666664,22.514745033333334,0.0
2020-05-25 03:00:00,0.0,0.0,23.54819785238095,22.266695639285714,0.0
2020-05-25 04:00:00,0.0,0.0,23.433653266666667,22.146270266666665,0.0
2020-05-25 05:00:00,0.0,0.0,23.13422843333333,21.219184866666662,0.00047688994556665
2020-05-25 06:00:00,1232.5553571225,12699.15178545,23.18727401043956,21.829703397985348,0.045310666757051254
2020-05-25 07:00:00,5681.5236606749995,57915.049107,24.136750783333333,26.885045816666665,0.20911412983333327
2020-05-25 08:00:00,12655.096875025,129168.553572,25.43542060952381,37.58152262738095,0.4371036139642857
2020-05-25 09:00:00,19789.4129465,202310.96874774998,27.852421016666668,48.59190018333334,0.6916181106666667
2020-05-25 10:00:00,23527.5549109,240899.696445,29.32791857142857,54.91318447857143,0.847770457404762
2020-05-25 11:00:00,26121.4129465,267855.2187375,30.99183553333333,59.55268804999999,0.937201793
2020-05-25 12:00:00,26869.81517925,275571.2321375,32.07275245833333,59.16123945,0.9656088658214286
2020-05-25 13:00:00,25356.0965775,259910.805055,33.239346947619055,60.15347582142858,0.9008903854404762
2020-05-25 14:00:00,22260.9071423,227790.63392475,33.67912736190476,57.409194773809524,0.7910178290357142
2020-05-25 15:00:00,19038.2294644,194605.223216,34.38076933333333,53.31247406666666,0.6416658786666667
2020-05-25 16:00:00,8237.63303565,84115.2187505,33.8930327202381,42.99851833690476,0.2697621424880952
2020-05-25 17:00:00,1756.8915178525,18102.263393325,32.05434566666667,32.11992231666667,0.0575928573833333
2020-05-25 18:00:00,366.91071429125003,3797.26339298,28.304531366666666,26.886455283333333,0.013207775823766648
2020-05-25 19:00:00,0.0,0.0,26.57933547142857,24.093908222619046,0.0
2020-05-25 20:00:00,0.0,0.0,26.232587133333332,23.692628983333336,0.0
2020-05-25 21:00:00,0.0,0.0,25.446367851190473,24.726612794047618,0.0
2020-05-25 22:00:00,0.0,0.0,22.493630466666662,21.512481183333332,0.0
2020-05-25 23:00:00,0.0,0.0,22.473452433333335,20.000045323809523,0.0
2020-05-26 00:00:00,0.0,0.0,22.256281033333334,19.902349383333334,0.0
2020-05-26 01:00:00,0.0,0.0,22.222414649999997,19.679908892857142,0.0
2020-05-26 02:00:00,0.0,0.0,21.800504066666665,19.28382668333333,0.0
2020-05-26 03:00:00,0.0,0.0,21.364649516666667,19.117106083333333,0.0
2020-05-26 04:00:00,0.0,0.0,21.312706444047617,19.006534258333335,0.0
2020-05-26 05:00:00,0.0,0.0,22.070155316666664,19.539565016666664,0.00020635903135
2020-05-26 06:00:00,1324.3334821815,13645.008928525,22.783858596428573,21.118755901190475,0.043703293967857125
2020-05-26 07:00:00,6427.474107125,65477.084821,24.205434099999998,27.84069116666667,0.2439782858333333
2020-05-26 08:00:00,13564.181250025,138459.0982145,26.271270117857142,39.95716410952381,0.4789968870119048
2020-05-26 09:00:00,19556.60892865,199921.44196475,27.801093966666667,49.629906283333334,0.6919608188333333
2020-05-26 10:00:00,23340.60580445,239061.10714725,29.53407568690476,56.541919428571425,0.8427738709166666
2020-05-26 11:00:00,21834.221874725,223633.370532,30.40919703333333,55.491460716666666,0.778270831
2020-05-26 12:00:00,23205.121427525,237794.357139,31.46684990119047,56.57650733333333,0.8239350104880954
2020-05-26 13:00:00,21401.853571375003,219226.4151815,32.67045833333333,57.48449853333333,0.7622425405
2020-05-26 14:00:00,12641.716071325001,129100.59821475,32.70317200595238,49.08159946309524,0.42751056750000005
2020-05-26 15:00:00,13133.687946475,134056.13392875,32.6998913,44.827407816666664,0.427828956
2020-05-26 16:00:00,12265.25178565,125153.61160775,33.224596244047625,44.473493015476194,0.41015728260714285
2020-05-26 17:00:00,3434.7571428449996,35152.491071175,31.72510988333333,35.14305228333333,0.11505909359999997
2020-05-26 18:00:00,241.129017855,2495.51339285,28.967409116666666,27.80243660357143,0.016023397816785676
2020-05-26 19:00:00,0.0,0.0,27.47797595,25.4549042,0.0
2020-05-26 20:00:00,0.0,0.0,26.134843472619046,23.28577411190476,0.0
2020-05-26 21:00:00,0.0,0.0,26.575712683333336,25.1851711,0.0
2020-05-26 22:00:00,0.0,0.0,25.930998569047617,23.940487891666667,0.0
2020-05-26 23:00:00,0.0,0.0,24.0982615,22.991171283333333,0.0
2020-05-27 00:00:00,0.0,0.0,23.3974126,21.77005198333333,0.0
2020-05-27 01:00:00,0.0,0.0,23.560330661904764,22.106003558333335,0.0
2020-05-27 02:00:00,0.0,0.0,23.543554166666667,21.594501816666664,0.0
2020-05-27 03:00:00,0.0,0.0,24.049561879761903,21.850401072619047,0.0
2020-05-27 04:00:00,0.0,0.0,23.567823233333332,21.50969335,0.0
2020-05-27 05:00:00,0.0,0.0,23.443279973809524,21.55644231428571,0.000210134299583325
2020-05-27 06:00:00,1531.3783036125,15736.505356900001,23.434353133333335,22.373884033333333,0.0528227298966666
2020-05-27 07:00:00,6052.281220275,61663.9851185,25.02574100238095,28.334441775000002,0.2180529917928571
2020-05-27 08:00:00,12545.611458375,128013.54613100001,26.89609325,39.139409416666666,0.4510691605
2020-05-27 09:00:00,17945.839821524998,183446.8860115,28.434631160714286,48.02500499880953,0.6405595882261905
2020-05-27 10:00:00,16245.633928475,166038.12559525,29.26446335357143,47.43523615039682,0.5742018994642857
2020-05-27 11:00:00,21970.96324455,225038.9940485,30.834396783333332,55.76013176666666,0.7790673806666666
2020-05-27 12:00:00,18676.310714025,191100.004465,32.10466298452381,56.908168005952376,0.7092874103809523
2020-05-27 13:00:00,12322.686309525001,125779.4389875,32.43146921666666,46.49787123333333,0.41788405583333327
2020-05-27 14:00:00,12308.646577399999,125656.81398875,32.59225887619048,45.443716183333336,0.4015431301071428
2020-05-27 15:00:00,12875.821874925,131440.67857,32.44795675,45.466436816666665,0.4216070968333333
2020-05-27 16:00:00,10559.175000025,107729.0133935,31.952802416666664,42.38717346666667,0.3573314593333333
2020-05-27 17:00:00,3200.1374999225,32744.772321700002,30.329792817857143,32.77524199761904,0.1025679821928571
2020-05-27 18:00:00,192.477976195,1993.0119047500002,28.609951233333334,27.283312483333333,0.008164154678716624
2020-05-27 19:00:00,0.0,0.0,25.774399152380948,24.552107155952378,2.2388488500000003e-05
2020-05-27 20:00:00,0.0,0.0,22.932962016666664,21.31111145,0.0
2020-05-27 21:00:00,0.0,0.0,23.142256983333333,20.944196340476193,0.0
2020-05-27 22:00:00,0.0,0.0,22.9103566,20.810649083333335,0.0
2020-05-27 23:00:00,0.0,0.0,23.37074884047619,22.25171458690476,0.0
2020-05-28 00:00:00,0.0,0.0,23.19194895,21.79885555,0.0
2020-05-28 01:00:00,0.0,0.0,22.686305513095242,20.505794563095236,0.0
2020-05-28 02:00:00,0.0,0.0,22.488680483333333,20.582993516666665,0.0
2020-05-28 03:00:00,0.0,0.0,22.53689301071428,20.824554935714286,0.0
2020-05-28 04:00:00,0.0,0.0,22.55685975,20.30698295,0.0
2020-05-28 05:00:00,0.0,0.0,21.908114364285712,19.698901740476188,9.601054955355e-05
2020-05-28 06:00:00,1434.31250002,14769.763392674999,21.92193748333333,20.221685366666666,0.04666067406166663
2020-05-28 07:00:00,6635.57410715,67588.19196475,23.865807154761903,29.029136160714287,0.2569155761904761
2020-05-28 08:00:00,13567.5625,138493.165179,26.17351325,40.094587583333336,0.47830720149999995
2020-05-28 09:00:00,19467.4785714,199006.62797725,28.09045187738095,47.17867031428572,0.6823496627857143
2020-05-28 10:00:00,21559.129017749998,220704.30356975,29.4413844,52.86690923333333,0.7955459541666666
2020-05-28 11:00:00,26246.422320550002,269129.62500125,30.84940593333333,57.15824271666666,0.9349086853333333
2020-05-28 12:00:00,25799.924821875,264488.81041275,32.12130267976191,59.072737697023804,0.9252549583571428
2020-05-28 13:00:00,21679.9477675,222093.93303825002,32.98781219761905,55.49942768452381,0.7852678075595237
2020-05-28 14:00:00,16358.20949415,167251.4196435,33.08978283534798,49.67862443415751,0.5528901629587911
2020-05-28 15:00:00,17641.11622025,180285.114582,33.341209398809525,49.676019859523805,0.6084723951785714
2020-05-28 16:00:00,8319.532589275,84814.973214,32.781076955952386,40.46794176904762,0.2835528989761905
2020-05-28 17:00:00,4142.4606547675,42292.388393175,32.15466739285714,35.455530852380946,0.1415586949714285
2020-05-28 18:00:00,428.19336309525,4430.475892862501,29.92789463333333,29.45733794404762,0.016315329101269024
2020-05-28 19:00:00,0.0,0.0,27.704796766666664,26.4528289,0.0
2020-05-28 20:00:00,0.0,0.0,26.810803644047617,25.272813367857143,0.0
2020-05-28 21:00:00,0.0,0.0,23.45720641062271,22.29331460989011,0.0
2020-05-28 22:00:00,0.0,0.0,21.11161356428571,20.151641272619045,0.0
2020-05-28 23:00:00,,,21.19120492051282,20.330652883333336,0.0
2020-05-29 00:00:00,,,20.99364608333333,20.151810249999997,0.0
2020-05-29 01:00:00,,,20.694438005769232,19.817784893589746,0.0
2020-05-29 02:00:00,,,,,
2020-05-29 03:00:00,,,,,
2020-05-29 04:00:00,,,,,
2020-05-29 05:00:00,,,,,
2020-05-29 06:00:00,2151.15583332,22093.599206900002,21.008914966666662,21.026031716666665,0.06903451244047613
2020-05-29 07:00:00,4785.124553525,48803.526786,21.931272933333332,26.33282368333333,0.15142690999999994
2020-05-29 08:00:00,9812.829464375,100009.5089285,23.39789618214286,33.85840351071428,0.32145518480952373
2020-05-29 09:00:00,16628.970089325,169914.4598215,25.397425883333334,45.4178661,0.5679020458333334
2020-05-29 10:00:00,23695.1483639,242739.06696974998,27.648535149999997,55.300663633333336,0.8429225341666666
2020-05-29 11:00:00,23900.585268125,244910.41518225,29.19579075238095,56.95102501547619,0.8802125378333333
2020-05-29 12:00:00,24912.453125,255278.9017925,30.176429749999997,60.04765275,0.8647957854999999
2020-05-29 13:00:00,23608.236607175,241837.0267745,31.295939158333333,60.91278727738096,0.845985537952381
2020-05-29 14:00:00,17724.811160775,181146.70535875,31.693425566666665,52.09330603333333,0.6152179005
2020-05-29 15:00:00,15882.94375005,162219.34821475,32.364440694047616,50.30777927619047,0.5346083614404763
2020-05-29 16:00:00,11271.644196375,114942.41517875,31.69114228333333,44.245344,0.37517764783333335
2020-05-29 17:00:00,4135.4892856675,42245.63839255,29.33880534404762,33.465077347619044,0.13573970194166665
2020-05-29 18:00:00,306.054166665,3165.34077385,27.61383406666667,26.880474816666666,0.011695278211499974
2020-05-29 19:00:00,0.0,0.0,26.084994549999998,23.946111099999996,0.0
2020-05-29 20:00:00,0.0,0.0,25.5755309,24.111533569047616,0.0
2020-05-29 21:00:00,0.0,0.0,25.522905449999996,24.20298665,0.0
2020-05-29 22:00:00,0.0,0.0,23.568339184523808,22.436549014285717,0.0
2020-05-29 23:00:00,0.0,0.0,21.53329725,20.767105583333333,0.0
2020-05-30 00:00:00,0.0,0.0,21.439897183333333,20.64846945,0.0
2020-05-30 01:00:00,0.0,0.0,21.296016308333332,20.396275138095238,0.0
2020-05-30 02:00:00,0.0,0.0,21.320394366666665,20.566225116666665,0.0
2020-05-30 03:00:00,0.0,0.0,21.389394447619047,20.53873051904762,0.0
2020-05-30 04:00:00,0.0,0.0,21.39213915,20.47306675,0.0
2020-05-30 05:00:00,0.0,0.0,21.251900301190474,20.09265811547619,0.000263558286696425
2020-05-30 06:00:00,1222.040624985,12593.723214425001,21.31949308333333,20.67088216666667,0.041216641256666624
2020-05-30 07:00:00,4445.184821425,45354.21875,22.297559616666664,25.089831483333334,0.14200059901666665
2020-05-30 08:00:00,7798.385714275,79375.91964400001,23.444931727380954,32.405807847619045,0.25941299097619047
2020-05-30 09:00:00,10843.975000024999,110561.9464285,24.622521916666663,35.2279668,0.34362687649999996
2020-05-30 10:00:00,10595.431696374999,108028.69642925,24.88764245,31.512654929761904,0.3168655618809524
2020-05-30 11:00:00,17975.58125015,183769.2008925,25.755790733333335,42.120661383333335,0.5818618121666665
2020-05-30 12:00:00,24941.030802775,255547.58482400002,27.99384397261905,60.94857968571428,0.9612937132380953
2020-05-30 13:00:00,22955.246875124998,235061.99999500002,29.08103338333333,54.5196696,0.8225208319999999
2020-05-30 14:00:00,23375.386606975,239307.517857,30.095827720238095,53.460254739285716,0.8136779358571429
2020-05-30 15:00:00,18361.28705355,187645.883929,30.723655733333334,48.354659516666665,0.6186222878333333
2020-05-30 16:00:00,11219.797767875,114430.129465,30.917674051190474,41.179524063095236,0.38102523015476186
2020-05-30 17:00:00,4755.8383928675,48512.062501,30.121506716666666,33.593877133333336,0.16869172773333332
2020-05-30 18:00:00,521.6120535705,5389.3392857075,28.32141115,26.549042733333337,0.017683775219999975
2020-05-30 19:00:00,0.0,0.0,26.63507949404762,23.769341951190476,0.0
2020-05-30 20:00:00,0.0,0.0,25.23827765,23.3354121,0.0
2020-05-30 21:00:00,0.0,0.0,23.70420788690476,21.58626489047619,0.0
2020-05-30 22:00:00,0.0,0.0,23.27743681666667,21.23468588333333,0.0
2020-05-30 23:00:00,0.0,0.0,23.261721625,21.30975289761905,0.0
2020-05-31 00:00:00,0.0,0.0,23.431380716666666,21.772142483333333,0.0
2020-05-31 01:00:00,0.0,0.0,23.643260585714287,22.202290557142856,0.0
2020-05-31 02:00:00,0.0,0.0,23.256448883333334,21.4475063,0.0
2020-05-31 03:00:00,0.0,0.0,22.811892746428573,21.01503390238095,0.0
2020-05-31 04:00:00,0.0,0.0,22.364622999999998,20.756352733333333,0.0
2020-05-31 05:00:00,0.0,0.0,22.032395588095238,20.565469147619048,0.00032375399767855
2020-05-31 06:00:00,1286.56294646375,13261.65178549,22.255024816666666,21.75386655,0.042268592586666626
2020-05-31 07:00:00,3645.934821475,37290.308036250004,22.9230814,24.47139335,0.11429403971666666
2020-05-31 08:00:00,9469.008482075,96534.93303525,24.12895488452381,31.152774017857148,0.3103530583928571
2020-05-31 09:00:00,14569.51026785,148798.25446425,25.89544733333333,42.324756066666666,0.481262297
2020-05-31 10:00:00,20735.7522326,212297.28571675002,27.450291425000003,47.239492523809524,0.7364355854880953
2020-05-31 11:00:00,20510.125000275002,209977.477677,28.540163149999998,48.55766298333333,0.6111365016666666
2020-05-31 12:00:00,20129.71607115,206075.74107125,29.561058302380953,51.63714665595238,0.7024086472023809
2020-05-31 13:00:00,14119.450000025001,144359.91071425,30.263973466666666,50.67387648333333,0.5152410561833333
2020-05-31 14:00:00,12751.49464285,130455.4151805,30.321678633333335,46.48818968333333,0.4501184893333333
2020-05-31 15:00:00,5693.608035775,58006.54910725,27.558802710714286,31.797078135714287,0.17393400943095236
2020-05-31 16:00:00,4728.608035725,48207.36160775,27.780120883333332,32.202238066666666,0.1453450151166666
2020-05-31 17:00:00,3335.9723214,34114.7321425,28.025526807142857,30.392372797619046,0.10592595277857139
2020-05-31 18:00:00,509.0508928535,5258.50446431,27.0164485,26.382060733333333,0.017317528404499974
2020-05-31 19:00:00,0.0,0.0,25.682224060714283,23.658965822619045,0.0
2020-05-31 20:00:00,0.0,0.0,24.8379374,22.272830183333333,0.0
2020-05-31 21:00:00,0.0,0.0,24.232111375,22.053939670238094,0.0
2020-05-31 22:00:00,0.0,0.0,23.76321355,21.650489816666664,0.0
2020-05-31 23:00:00,0.0,0.0,23.566329366666665,21.389177933333333,0.0
2020-06-01 00:00:00,0.0,0.0,22.984830366666664,20.318536004761903,0.0
2020-06-01 01:00:00,0.0,0.0,22.402358516666666,20.1491374,0.0
2020-06-01 02:00:00,0.0,0.0,21.9681661,20.016897077380953,0.0
2020-06-01 03:00:00,0.0,0.0,21.612367283333334,19.589257216666667,0.0
2020-06-01 04:00:00,0.0,0.0,21.450485383333334,19.756565020238096,0.0
2020-06-01 05:00:00,0.0,0.0,21.266458083333333,19.484783416666666,3.654130565e-05
2020-06-01 06:00:00,1626.0625000205,16703.3214286625,21.744154307142857,21.155460257142856,0.0547979956238095
2020-06-01 07:00:00,7743.6352678,78906.473214,23.563298083333333,27.238455183333333,0.27861487283333325
2020-06-01 08:00:00,13150.122321474999,134205.5535715,25.508490966666667,38.459726933333336,0.4616985471666666
2020-06-01 09:00:00,14251.8558036,145525.55357125,26.95265453452381,43.46012772619048,0.48206835892857136
2020-06-01 10:00:00,21428.87276745,219397.42857075,28.692367533333332,52.271818499999995,0.7905447196666667
2020-06-01 11:00:00,20818.55535625,213190.35714600002,29.727355910714287,55.17149921904761,0.7429766296190475
2020-06-01 12:00:00,12748.7294643,130133.955357,29.500049866666668,46.198145616666665,0.4600924206666666
2020-06-01 13:00:00,17466.475893225,178636.15118875,28.72519416062271,42.48186363956044,0.5849628438763735
2020-06-01 14:00:00,7646.552678525,77979.44196475,27.03158118333333,33.09719545,0.2352925498333333
2020-06-01 15:00:00,4363.589732075,44546.04017775,26.699546175,30.1194295,0.1295021397130952
2020-06-01 16:00:00,3763.094196475,38416.78125075,26.692817199999997,29.121524049999998,0.1140604543166666
2020-06-01 17:00:00,1968.433928605,20271.16071435,25.831221066666664,26.855030783333333,0.061864866366666625
2020-06-01 18:00:00,446.8950892875,4621.29017855,25.282939439285713,24.450792613095235,0.015798149495473774
2020-06-01 19:00:00,0.0,0.0,24.5138815,22.595769766666667,0.0
2020-06-01 20:00:00,0.0,0.0,23.856714479761905,21.55836550714286,0.0
2020-06-01 21:00:00,0.0,0.0,23.464800999999998,21.038550816666667,0.0
2020-06-01 22:00:00,0.0,0.0,22.970588082142857,20.370118630952376,0.0
2020-06-01 23:00:00,0.0,0.0,22.2660253,20.106944866666666,0.0
2020-06-02 00:00:00,0.0,0.0,22.528203366666666,20.202085383333333,0.0
2020-06-02 01:00:00,0.0,0.0,21.91399434404762,20.039730632142856,0.0
2020-06-02 02:00:00,0.0,0.0,21.589045716666668,19.653283599999998,0.0
2020-06-02 03:00:00,0.0,0.0,21.306182786904763,19.64173472380952,0.0
2020-06-02 04:00:00,0.0,0.0,21.497141499999998,19.961939433333335,0.0
2020-06-02 05:00:00,0.0,0.0,21.683181952380952,20.178020113095236,1.9480226825e-05
2020-06-02 06:00:00,943.308482146,9741.58035716,21.949030599999997,21.57059075,0.03209249082499997
2020-06-02 07:00:00,4245.05848215,43334.142857,23.107134245238097,25.21412415357143,0.13364666476190473
2020-06-02 08:00:00,15104.83660715,154268.13839325,25.130929483333333,41.071773316666665,0.5237007351666667
2020-06-02 09:00:00,18801.330357175,192279.04464575,26.693789716666668,46.8221156,0.6472665915
2020-06-02 10:00:00,17603.222321425,179900.20089275,27.368866341666667,45.2529863702381,0.5826241637023809
2020-06-02 11:00:00,15477.872767875,158101.8169645,27.563664199999998,42.76973325,0.5013793961666666
2020-06-02 12:00:00,20288.8071423,207536.22768125,27.71823013809524,44.20994412619048,0.6776177424285714
2020-06-02 13:00:00,25382.695536175,260093.0892825,27.834460999999997,48.0804741,0.8504542575
2020-06-02 14:00:00,17136.671874975,175189.33035775,27.184618510714287,41.95883473452381,0.5611298656904762
2020-06-02 15:00:00,13213.721874974999,134887.1651785,26.59697525,37.748958216666665,0.4122924611666666
2020-06-02 16:00:00,10513.118749975,107219.23214275,26.347669091666667,35.557502414285715,0.33210542024999995
2020-06-02 17:00:00,3151.72767861,32250.544642474997,25.281263249999995,27.36232605,0.10264171891666662
2020-06-02 18:00:00,304.52083333275,3152.206845235,24.56919361785714,23.74849149761905,0.013941355773309475
2020-06-02 19:00:00,0.0,0.0,24.2131485,22.17606356666667,0.0
2020-06-02 20:00:00,0.0,0.0,23.62470751666666,20.995983622619043,0.0
2020-06-02 21:00:00,0.0,0.0,23.079214,20.379448483333334,0.0
2020-06-02 22:00:00,0.0,0.0,23.093489583333334,20.9638403,0.0
2020-06-02 23:00:00,0.0,0.0,23.123945164285715,21.195636552380954,0.0
2020-06-03 00:00:00,0.0,0.0,22.850776649999997,20.616782099999998,0.0
2020-06-03 01:00:00,0.0,0.0,22.831480598809524,21.478441560714288,0.0
2020-06-03 02:00:00,0.0,0.0,22.61596733333333,21.177245083333332,0.0
2020-06-03 03:00:00,0.0,0.0,22.439410432142857,20.765211595238092,0.0
2020-06-03 04:00:00,0.0,0.0,22.340443383333334,20.830812566666665,0.0
2020-06-03 05:00:00,0.0,0.0,22.117304358333335,20.948890871428567,4.17164965e-05
2020-06-03 06:00:00,1016.53080357325,10490.696428555,21.953793366666666,21.335348516666667,0.03381855074166663
2020-06-03 07:00:00,5256.778571475,53602.00892775,23.079577583333332,27.482461549999996,0.17199302316666665
2020-06-03 08:00:00,9943.351339325,101328.107143,24.923908964285715,33.83705548214286,0.3200839641071428
2020-06-03 09:00:00,13076.4705357,133456.22321375,25.899281816666665,36.72769868333333,0.41729276699999995
2020-06-03 10:00:00,16980.487946575,173542.0625005,26.565269708333332,39.5705625297619,0.5521217240833334
2020-06-03 11:00:00,23031.450893375,235762.85714475,28.122532133333333,48.67207953333333,0.8002929516666666
2020-06-03 12:00:00,23224.566964999998,237770.46875125,28.475724885714286,49.95710241547619,0.7716695621071429
2020-06-03 13:00:00,21237.59702355,217258.4196395,28.593501008333334,49.010610891666666,0.7192448333333333
2020-06-03 14:00:00,16377.019196550002,167535.5133945,28.316502817460314,47.690869815873015,0.7069825720952382
2020-06-03 15:00:00,19062.454017775002,195032.13839500002,28.5670726,47.0080409,0.646814382
2020-06-03 16:00:00,8594.765625,87633.70089275,26.978599591666665,34.23532392380952,0.27376210434523807
2020-06-03 17:00:00,6224.529464175001,63524.57142875,26.421655833333332,31.89054815,0.2217487387666666
2020-06-03 18:00:00,601.0982142865,6211.049107145001,25.085260533333333,24.184896366666667,0.022805963434249964
2020-06-03 19:00:00,0.0,0.0,24.131776848809523,21.645084016666665,0.0
2020-06-03 20:00:00,0.0,0.0,23.6723486,21.310227949999998,0.0
2020-06-03 21:00:00,0.0,0.0,23.408221411904762,20.900538526190473,0.0
2020-06-03 22:00:00,0.0,0.0,23.290399649999998,21.26498268333333,0.0
2020-06-03 23:00:00,0.0,0.0,23.295533875,21.83589478928571,0.0
2020-06-04 00:00:00,0.0,0.0,23.231469716666666,21.85238645,0.0
2020-06-04 01:00:00,0.0,0.0,22.940034534523807,20.832421529761906,0.0
2020-06-04 02:00:00,0.0,0.0,22.937562516666667,21.219248483333335,0.0
2020-06-04 03:00:00,0.0,0.0,22.204723166666668,19.6024134,0.0
2020-06-04 04:00:00,0.0,0.0,21.809643576190474,19.32744831547619,0.0
2020-06-04 05:00:00,0.0,0.0,22.2581395,20.129351866666667,0.00010663811675
2020-06-04 06:00:00,1278.90223213925,13175.620535665,22.431216054761904,20.975051858333334,0.04403581026333332
2020-06-04 07:00:00,5570.7785714500005,56793.99107175,23.503319299999998,26.530427583333335,0.20374435226666662
2020-06-04 08:00:00,11562.5191964,117944.3348215,25.29721652857143,37.50783156904762,0.3930512096666666
2020-06-04 09:00:00,14879.25669645,151993.93749975,26.806169150000002,42.16953125,0.4725451148333333
2020-06-04 10:00:00,21361.051339225,218788.63839675,27.872224930952378,47.245024469047614,0.749098090952381
2020-06-04 11:00:00,21364.83526785,218699.53124774998,28.961748816666667,51.57386715,0.7456370488333333
2020-06-04 12:00:00,21519.171875699998,220391.3616105,29.532184038095238,51.94037626190476,0.7650117286904762
2020-06-04 13:00:00,23619.621429275,241942.14284699998,29.98561805,53.26506921666667,0.8593581025000001
2020-06-04 14:00:00,17518.933482175,179152.0535675,29.24605255,45.208319016666664,0.5764752508333333
2020-06-04 15:00:00,19626.6017855,200771.8883935,28.925448861904762,47.22052300833333,0.6612217138809524
2020-06-04 16:00:00,13083.04017855,133540.549107,28.24327695,40.68523606666667,0.4319029835
2020-06-04 17:00:00,6913.1727679,70400.517857,27.320749080952382,33.09117673095238,0.24109593660238093
2020-06-04 18:00:00,645.91235119525,6663.2976190625,25.75932925,25.139221266666667,0.024459627928666627
2020-06-04 19:00:00,0.0,0.0,24.637524204761903,21.840617316666666,0.0
2020-06-04 20:00:00,0.0,0.0,24.02648058333334,21.313891633333334,0.0
2020-06-04 21:00:00,0.0,0.0,23.462045330952378,20.814181263095236,0.0
2020-06-04 22:00:00,0.0,0.0,23.07879283333333,20.279772383333334,0.0
2020-06-04 23:00:00,0.0,0.0,22.397249322619047,19.55560314285714,0.0
2020-06-05 00:00:00,0.0,0.0,22.39559265,19.928119416666664,0.0
2020-06-05 01:00:00,0.0,0.0,22.16502695357143,19.480210070238098,0.0
2020-06-05 02:00:00,0.0,0.0,21.97895713333333,19.529925600000002,0.0
2020-06-05 03:00:00,0.0,0.0,21.904109513095236,19.62372155595238,0.0
2020-06-05 04:00:00,0.0,0.0,21.686428333333332,19.438721783333335,0.0
2020-06-05 05:00:00,0.0,0.0,21.584485778571427,19.565233453571427,0.00021200332714285
2020-06-05 06:00:00,1251.48973217075,12876.0937499225,21.837783266666666,20.352920066666666,0.041433380634999975
2020-06-05 07:00:00,4231.051785725,43194.62053575,22.847301061904762,25.119723141666668,0.14063198527142853
2020-06-05 08:00:00,12103.00535715,123550.7187505,24.485236633333333,34.69560836666667,0.4327397011666666
2020-06-05 09:00:00,17026.040624825,174046.9598255,26.727168250000002,45.35476793333334,0.5630597573333332
2020-06-05 10:00:00,20072.999107825002,205457.51339575,27.71860523690476,48.83224894166667,0.6770821471428571
2020-06-05 11:00:00,23655.979018525002,242368.48214550002,28.28674625,55.77718448333333,0.8991218703333335
2020-06-05 12:00:00,9908.3946428,100980.31696525,26.245739795238094,35.846553439285714,0.3128115066071428
2020-06-05 13:00:00,21420.004463924997,219299.236614,26.30506895,45.04044856666667,0.7189348643333333
2020-06-05 14:00:00,21716.605357525,222368.558038,29.209935145238095,52.47157316190476,0.7509132963333333
2020-06-05 15:00:00,15494.025000075,158394.08035675,29.28798618333333,45.0863526,0.5207533706666667
2020-06-05 16:00:00,13274.6767856,135488.0267865,29.130685427380953,41.64445941904762,0.4470425226071428
2020-06-05 17:00:00,7514.90357145,76561.888393,28.2909881,34.9216233,0.25661569166666665
2020-06-05 18:00:00,974.363541626,10031.9627973925,26.69215889404762,27.17154075,0.03681270003851185
2020-06-05 19:00:00,0.0,0.0,24.90590915,22.389537583333336,0.0
2020-06-05 20:00:00,0.0,0.0,24.14407631190476,21.354980260714285,0.0
2020-06-05 21:00:00,0.0,0.0,23.5107015,20.58587483333333,0.0
2020-06-05 22:00:00,0.0,0.0,23.00879798095238,20.060521051190477,0.0
2020-06-05 23:00:00,0.0,0.0,22.545445733333334,19.709701983333336,0.0
2020-06-06 00:00:00,0.0,0.0,22.37295531428571,19.634243596428572,0.0
2020-06-06 01:00:00,0.0,0.0,22.143518016666665,19.52920833333333,0.0
2020-06-06 02:00:00,0.0,0.0,21.873258933333332,19.42582145,0.0
2020-06-06 03:00:00,0.0,0.0,21.529000213095237,19.15860366904762,0.0
2020-06-06 04:00:00,0.0,0.0,21.295664933333335,18.964003016666666,0.0
2020-06-06 05:00:00,0.0,0.0,20.677156399999998,18.29242399880952,0.000262526357
2020-06-06 06:00:00,1474.725892855,15165.834821724999,21.130987516666668,19.592870033333334,0.0505171043733333
2020-06-06 07:00:00,7763.867410675,79070.6964285,23.242579954761908,28.398200604761904,0.3046097639166666
2020-06-06 08:00:00,12759.042857100001,130215.81249975,25.549276266666666,40.33330388333333,0.4566014915
2020-06-06 09:00:00,13555.2321429,138431.1383935,26.76387909880952,40.62179940357143,0.47652023594047616
2020-06-06 10:00:00,19772.46428585,202466.035715,28.044093316666665,49.55097761666667,0.6890630695
2020-06-06 11:00:00,18350.3406245,187875.97768425,29.33593665595238,49.92544553214286,0.6319854227499999
2020-06-06 12:00:00,19198.5035715,196551.906247,29.723899816666666,49.31684701666667,0.7225126698333333
2020-06-06 13:00:00,18900.3008931,193528.50446625,28.60822363452381,44.48139603452381,0.644815158
2020-06-06 14:00:00,14231.3772329,145643.06696425,27.339747133333333,42.28642523333333,0.47592235883333334
2020-06-06 15:00:00,8988.941071475001,91580.419643,26.07960898690476,31.382009366666665,0.27226939810714285
2020-06-06 16:00:00,3691.929910775,37787.02232125,25.835363216666668,28.91799015,0.1116237712666666
2020-06-06 17:00:00,1253.97232143,12942.513392825,24.603566916666665,25.134492033333334,0.03815083184999995
2020-06-06 18:00:00,142.43303571925,1475.6964285549998,23.903491442857142,23.231367176190474,0.006865693646476175
2020-06-06 19:00:00,0.0,0.0,23.05416055,21.832463516666667,0.0
2020-06-06 20:00:00,0.0,0.0,22.33755772142857,20.381677938095237,0.0
2020-06-06 21:00:00,0.0,0.0,22.205919933333334,20.434828683333333,0.0
2020-06-06 22:00:00,0.0,0.0,22.155004283333334,20.229067033333333,0.0
2020-06-06 23:00:00,0.0,0.0,22.13166079285714,20.211067936904765,0.0
2020-06-07 00:00:00,0.0,0.0,22.172480333333333,20.4849584,0.0
2020-06-07 01:00:00,0.0,0.0,22.246113760714287,20.77359950595238,0.0
2020-06-07 02:00:00,0.0,0.0,22.066873166666667,20.415523233333335,0.0
2020-06-07 03:00:00,0.0,0.0,21.903646795238096,20.21529535952381,0.0
2020-06-07 04:00:00,0.0,0.0,21.937317416666666,20.360091133333334,0.0
2020-06-07 05:00:00,0.0,0.0,22.104030721428572,20.759086596428574,6.1158156675525e-05
2020-06-07 06:00:00,1460.5549107,15006.9687499775,22.097016366666665,21.656446816666662,0.04991347621333327
2020-06-07 07:00:00,4404.36919645,44927.200891500004,22.537069216666666,26.026079316666667,0.1408685824166666
2020-06-07 08:00:00,8392.256696475,85438.633929,23.161128522619048,30.484799019047617,0.2624469832023809
2020-06-07 09:00:00,16523.571874975,168808.392857,24.37360893333333,40.382001716666664,0.5319708848333333
2020-06-07 10:00:00,19974.54732105,204367.361608,25.578311978571428,43.940603214285716,0.6711461439166666
2020-06-07 11:00:00,25593.988393075,262237.874995,27.546876483333335,55.65297193333333,0.9060520798333332
2020-06-07 12:00:00,24268.216518175002,248901.90178575,28.78057265,58.29784398333333,1.01170257725
2020-06-07 13:00:00,17341.53973185,177710.397318,29.982181766666663,54.788882516666675,0.8305941268333333
2020-06-07 14:00:00,15918.724999869999,162822.8214276,30.146266776190476,47.408270103571425,0.5641124195119047
2020-06-07 15:00:00,16338.513839325002,167013.8839285,30.261759416666667,45.48479053333334,0.5349026459999999
2020-06-07 16:00:00,11828.953124925,120714.94196425,29.898538538095238,40.54269408690476,0.39542794771428563
2020-06-07 17:00:00,5443.10267865,55513.66517875,28.366089349999996,32.9798356,0.18299867814999998
2020-06-07 18:00:00,546.53437500225,5646.99553574,26.166535141666667,25.184501426190476,0.01839550919466664
2020-06-07 19:00:00,0.0,0.0,24.838899683333334,22.560077933333332,0.0
2020-06-07 20:00:00,0.0,0.0,24.070846689285716,22.097435150000003,0.0
2020-06-07 21:00:00,0.0,0.0,23.6971705,22.110029066666666,0.0
2020-06-07 22:00:00,0.0,0.0,23.200513158333333,21.377294566666666,0.0
2020-06-07 23:00:00,0.0,0.0,23.2523081,21.9663025,0.0
2020-06-08 00:00:00,0.0,0.0,23.1135085,21.86410755357143,0.0
2020-06-08 01:00:00,0.0,0.0,22.606850652380952,20.955526729761907,0.0
2020-06-08 02:00:00,0.0,0.0,22.44120888333333,21.1601827,0.0
2020-06-08 03:00:00,0.0,0.0,22.15589973690476,20.98212627261905,0.0
2020-06-08 04:00:00,0.0,0.0,22.009183013095235,20.700276610714283,0.0
2020-06-08 05:00:00,0.0,0.0,21.58335928333333,20.21429193333333,0.000258923946833325
2020-06-08 06:00:00,1335.2325892742501,13760.17857149,21.622181305952378,21.28217550714286,0.044062588126190426
2020-06-08 07:00:00,5304.911160775,54098.196429,22.593312066666666,26.222001566666663,0.18647552311666662
2020-06-08 08:00:00,10864.101785675,110775.79464325,24.218138339285712,35.08357694642857,0.36298589090476185
2020-06-08 09:00:00,20800.929583025,212857.30595125002,26.628920790750914,46.91917336327839,0.7135166228891942
2020-06-08 10:00:00,24631.8142852,252458.55357025,28.18635006547619,52.06436005,0.8618694146666667
2020-06-08 11:00:00,23454.44955325,240268.30357175,28.779726116666666,50.16498105,0.8080811234999999
2020-06-08 12:00:00,20679.603124825,211581.84374875,29.15430167380952,47.460909765476195,0.7173900709761905
2020-06-08 13:00:00,19683.317857000002,201499.3348205,29.94881073333333,50.545794666666666,0.7360743284999999
2020-06-08 14:00:00,22100.31339245,226268.5892875,30.673969560714283,52.703012975,0.7593683400714284
2020-06-08 15:00:00,17899.21473195,182963.05803725,30.7856949,47.27726593333333,0.5980849598333333
2020-06-08 16:00:00,10276.65625005,104861.0758925,29.022301683333335,38.10209493333334,0.34019435093333333
2020-06-08 17:00:00,4757.149553575,48557.285714,28.64792483095238,33.119577172619046,0.17113327968095235
2020-06-08 18:00:00,734.1723214225,7579.2455357,27.128252733333333,26.393591266666668,0.029386261824549974
2020-06-08 19:00:00,0.0,0.0,25.502021895238094,23.008134266666666,0.0
2020-06-08 20:00:00,0.0,0.0,24.325386566666666,21.137207099999998,0.0
2020-06-08 21:00:00,0.0,0.0,23.514334935714285,20.59146790357143,0.0
2020-06-08 22:00:00,0.0,0.0,23.191221499999997,20.74686283333333,0.0
2020-06-08 23:00:00,0.0,0.0,22.757581100000003,20.227443466666667,0.0
2020-06-09 00:00:00,0.0,0.0,22.21815481785714,19.386306176190473,0.0
2020-06-09 01:00:00,0.0,0.0,21.845899433333333,19.4871241,0.0
2020-06-09 02:00:00,0.0,0.0,21.417404016666666,19.188193397619045,0.0
2020-06-09 03:00:00,0.0,0.0,21.314007566666668,19.31135761666667,0.0
2020-06-09 04:00:00,0.0,0.0,21.305073658333335,19.688138424999998,0.0
2020-06-09 05:00:00,0.0,0.0,21.213012083333332,19.413201899999997,0.00024562206666665
2020-06-09 06:00:00,1562.6325893475,16069.825892275,21.63425604047619,20.333628392857143,0.0510595843721428
2020-06-09 07:00:00,5485.152678525,55905.65624975,23.286785799999997,26.704984083333336,0.2188101443333333
2020-06-09 08:00:00,14015.081696425,143080.91517875,25.326538988095237,39.06813579166667,0.5008473409404761
2020-06-09 09:00:00,18931.923214324997,193654.2053605,27.49978385,47.00158256666666,0.6641447218333333
2020-06-09 10:00:00,21352.606249375,218745.92857275,28.362417516666667,48.03990076666666,0.7577397655
2020-06-09 11:00:00,23540.416071525,241195.87054550002,29.966948682142856,54.44581669404762,0.8505517691666667
2020-06-09 12:00:00,20290.960267399998,207736.41071875,30.39640711666667,51.21747753333333,0.7240576521666666
2020-06-09 13:00:00,21207.922767475,217150.60268399998,31.08761780952381,54.871484561904765,0.7595741170595238
2020-06-09 14:00:00,15664.21339295,160050.3303575,30.82582395,45.61594095,0.5113312998333334
2020-06-09 15:00:00,17430.4790179,178091.71428625,30.56048666785714,45.45718743690476,0.5725845436071428
2020-06-09 16:00:00,11499.323660675,117290.7410705,29.87070465,40.18490073333333,0.3819170283333333
2020-06-09 17:00:00,5098.8642857,51998.584821,28.407150461904763,32.63908220357143,0.17041512511904758
2020-06-09 18:00:00,729.79508928775,7531.437500030001,26.797197966666666,26.31715188333333,0.025389615769499975
2020-06-09 19:00:00,0.0,0.0,25.348752933333333,23.06225128333333,0.0
2020-06-09 20:00:00,0.0,0.0,24.574884576190478,22.17879730595238,0.0
2020-06-09 21:00:00,0.0,0.0,23.80950415,21.434218866666665,0.0
2020-06-09 22:00:00,0.0,0.0,23.161783222619043,20.728371841666664,0.0
2020-06-09 23:00:00,0.0,0.0,22.867057850000002,20.602625083333333,0.0
2020-06-10 00:00:00,0.0,0.0,22.758794563095236,20.860187471428567,0.0
2020-06-10 01:00:00,0.0,0.0,22.508951333333332,20.679177866666667,0.0
2020-06-10 02:00:00,0.0,0.0,22.356467066666667,20.652160657142858,0.0
2020-06-10 03:00:00,0.0,0.0,22.183734066666666,20.131546016666668,0.0
2020-06-10 04:00:00,0.0,0.0,21.90007886547619,19.83379872857143,0.0
2020-06-10 05:00:00,0.0,0.0,21.864237483333334,19.47839096666667,6.262212005e-05
2020-06-10 06:00:00,1458.8169642705,15013.482142685,22.073455464285715,20.550800032142856,0.0490059701880952
2020-06-10 07:00:00,6520.9986607,66422.584821,23.614835616666667,28.175078300000003,0.25514380124999997
2020-06-10 08:00:00,9372.570535750001,95532.65625100001,25.168664566666667,34.65823966666666,0.30697492083333333
2020-06-10 09:00:00,15421.483035674999,157507.87499975,26.777984578571427,42.20284340476191,0.5224034428333333
2020-06-10 10:00:00,13166.725892800001,134397.9107145,27.34746453333333,39.37138826666666,0.43475638233333336
2020-06-10 11:00:00,16401.389285675,167702.48661025,28.17276197142857,42.79893903690476,0.57247193425
2020-06-10 12:00:00,25414.3049111,260498.58928050002,30.229449916666663,53.94891523333333,0.9085489426666666
2020-06-10 13:00:00,20616.375893174998,210985.44196825,31.03364382142857,50.17854783809524,0.6970009455595237
2020-06-10 14:00:00,12594.222767874999,128725.861607425,30.1143702,43.11079375,0.4316771927
2020-06-10 15:00:00,7590.844642825,77326.857143,24.486214266666668,27.86704661666667,0.22153852199999996
2020-06-10 16:00:00,8498.70535715,86599.57142825,26.141634301190475,33.990552408333336,0.26582140836904755
2020-06-10 17:00:00,4067.878571375,41575.2285715,25.937685836904762,29.63778898095238,0.13037452608928568
2020-06-10 18:00:00,360.0562499975,3721.334821425,25.129089883333336,24.85434473333333,0.012292385500756625
2020-06-10 19:00:00,0.0,0.0,24.549957720238094,23.20375764166667,0.0
2020-06-10 20:00:00,0.0,0.0,22.99427545,21.79700108333333,0.0
2020-06-10 21:00:00,0.0,0.0,22.327392033333332,21.0959442,0.0
2020-06-10 22:00:00,0.0,0.0,22.040985173809524,20.644512442857142,0.0
2020-06-10 23:00:00,0.0,0.0,22.347103966666666,21.13925985,0.0
2020-06-11 00:00:00,0.0,0.0,22.525041579761904,21.602324559523808,0.0
2020-06-11 01:00:00,0.0,0.0,22.265796416666667,21.026558399999995,0.0
2020-06-11 02:00:00,0.0,0.0,21.931037454761906,20.556466183333335,0.0
2020-06-11 03:00:00,0.0,0.0,21.452965316666667,19.779945833333333,0.0
2020-06-11 04:00:00,0.0,0.0,21.14273433333333,19.58994848333333,0.0
2020-06-11 05:00:00,0.0,0.0,21.783436602380952,20.24134335952381,0.0
2020-06-11 06:00:00,554.908482145,5739.5535714,21.869262716666665,21.006458016666667,0.018401740781216626
2020-06-11 07:00:00,2938.8772320775,30115.303571625,22.273554324999996,24.035769315476188,0.08835739327142852
2020-06-11 08:00:00,6422.15312505,65413.45089375,23.4075262,28.960121683333334,0.19355011783333329
2020-06-11 09:00:00,9281.66696435,94531.3973215,24.411663926190474,32.80928360476191,0.27648252465476186
2020-06-11 10:00:00,12063.0950893,123085.040178,25.266601116666664,35.924667400000004,0.3660450811666667
2020-06-11 11:00:00,16460.245982125,168136.1651785,26.567492651190477,40.45465890119047,0.5188194190357143
2020-06-11 12:00:00,17189.8758929,175645.035714,27.466146833333333,42.314748716666664,0.5472910138333332
2020-06-11 13:00:00,13628.22455355,139105.9821435,27.918365460714284,39.61847077857143,0.43242682958333334
2020-06-11 14:00:00,17578.945982225,179723.120535,28.583396399999998,43.02808161666666,0.5636008111666666
2020-06-11 15:00:00,14656.357142875,149649.6517855,28.480347441666666,40.425334054761905,0.4715987040833334
2020-06-11 16:00:00,8647.669196425,88071.50000025,27.56247355,34.20432856666667,0.2742958811666666
2020-06-11 17:00:00,3595.7986607225,36768.089286475,26.461340452380952,27.63071820357143,0.1146073834940476
2020-06-11 18:00:00,525.8973214272501,5435.35267859,25.42377875,24.50555833333333,0.01794951076063332
2020-06-11 19:00:00,0.0,0.0,24.488889714285715,22.760087241666668,0.0
2020-06-11 20:00:00,0.0,0.0,24.028420516666664,22.709218333333332,0.0
2020-06-11 21:00:00,0.0,0.0,23.733483454761902,22.32604291666667,0.0
2020-06-11 22:00:00,0.0,0.0,23.529424516666666,22.297038233333332,0.0
2020-06-11 23:00:00,0.0,0.0,23.10866839761905,21.318999002380952,0.0
2020-06-12 00:00:00,0.0,0.0,22.73296511666667,20.826138816666667,0.0
2020-06-12 01:00:00,0.0,0.0,22.503370099999998,20.597662316666664,0.0
2020-06-12 02:00:00,0.0,0.0,22.112153954761908,19.809947642857143,0.0
2020-06-12 03:00:00,0.0,0.0,21.935560066666664,20.363659616666666,0.0
2020-06-12 04:00:00,0.0,0.0,21.207211536904765,19.839463833333333,0.0
2020-06-12 05:00:00,0.0,0.0,20.97530618333333,19.94784795,3.054787016665e-05
2020-06-12 06:00:00,649.146875005,6706.995535725,21.204113885714285,20.784369932142855,0.022397749931428526
2020-06-12 07:00:00,2262.571428545,23272.78125,21.87899125,23.279086266666667,0.07000617758333327
2020-06-12 08:00:00,6386.948214325,65074.56250025,22.86823837142857,26.416740860714285,0.19635275482619047
2020-06-12 09:00:00,12252.843303599999,125028.12499975,24.160982716666663,34.18779911666667,0.3871360715
2020-06-12 10:00:00,15273.406696525,155981.35714275,25.27437393333333,37.5711939,0.47523355216666663
2020-06-12 11:00:00,18107.113839550002,185077.0089295,25.786635447619048,39.33133492738095,0.5655293546190476
2020-06-12 12:00:00,17443.41562515,178261.06249774998,26.994655366666667,43.928805049999994,0.5645970471666667
2020-06-12 13:00:00,18163.8196428,185620.5848215,27.63316981547619,42.95851310238095,0.5862300068928571
2020-06-12 14:00:00,15329.362946475001,156552.6562495,28.428166749999995,42.22785031666667,0.5014357275
2020-06-12 15:00:00,11339.917857100001,115666.45535850001,28.014284216666667,37.09369973333334,0.36149809033333324
2020-06-12 16:00:00,5911.611607125,60261.5892865,27.193767227380953,31.725922185714285,0.1871705016785714
2020-06-12 17:00:00,4019.62500005,41039.834820749995,26.49310765,29.16198683333333,0.13427443369999997
2020-06-12 18:00:00,682.6406250015,7045.464285742501,25.755933405952376,25.660721013095237,0.02349574911090475
2020-06-12 19:00:00,0.0,0.0,24.2223378,22.774534149999997,0.0
2020-06-12 20:00:00,0.0,0.0,22.96686036904762,21.42827103809524,0.0
2020-06-12 21:00:00,0.0,0.0,22.59302066666666,20.9935512,0.0
2020-06-12 22:00:00,0.0,0.0,22.584700483333332,21.03625695,0.0
2020-06-12 23:00:00,0.0,0.0,22.21718703095238,20.114653471428575,0.0
2020-06-13 00:00:00,0.0,0.0,21.701989716666667,19.495899016666666,0.0
2020-06-13 01:00:00,0.0,0.0,21.68842464761905,19.623036913095238,0.0
2020-06-13 02:00:00,0.0,0.0,21.822737133333334,19.762785333333333,0.0
2020-06-13 03:00:00,0.0,0.0,21.781371533333335,19.868782516666666,0.0
2020-06-13 04:00:00,0.0,0.0,21.69727224642857,19.722943289285713,0.0
2020-06-13 05:00:00,0.0,0.0,21.543674166666666,19.0950724,3.788455441665e-05
2020-06-13 06:00:00,1136.936607131,11725.1651785375,21.272034783333332,19.21184407857143,0.0384122577863095
2020-06-13 07:00:00,6519.605803525,66425.879464,23.1917958,27.83526715,0.2518656206666666
2020-06-13 08:00:00,13890.1857143,141800.8616075,25.419445270238093,38.712062025,0.4791953015357143
2020-06-13 09:00:00,17806.6915181,182030.892858,26.764800016666666,44.02969241666666,0.6189681961666667
2020-06-13 10:00:00,22417.38705315,229636.093743,27.988473895238094,48.33210565,0.7443630204880952
2020-06-13 11:00:00,26293.791964575,269585.35714725003,29.2146815,52.766694483333325,0.9127773248333332
2020-06-13 12:00:00,25740.473660675,263819.03124075,29.62840785,52.8716558,0.9087373986666666
2020-06-13 13:00:00,18726.96205355,191561.28125075,27.835066158333333,43.91590064642857,0.6149967932738095
2020-06-13 14:00:00,22933.938392775,234825.928573,26.7730265,46.322812883333334,0.7757860681666666
2020-06-13 15:00:00,18132.038392225,185373.0312525,27.83805475952381,45.3850103797619,0.6130801912738094
2020-06-13 16:00:00,8396.755803525,85643.6741075,27.133029666666665,35.93918756666666,0.27057432126666664
2020-06-13 17:00:00,3006.7325893425,30778.281250599997,25.961310349999998,28.668762166666664,0.09959299146666663
2020-06-13 18:00:00,506.66383928275,5238.58928574,24.95196490595238,24.575008909523806,0.0189512714778809
2020-06-13 19:00:00,0.0,0.0,23.988856000000002,22.067519150000003,0.0
2020-06-13 20:00:00,0.0,0.0,23.662334609523807,22.223281880952378,0.0
2020-06-13 21:00:00,0.0,0.0,22.99429991666667,20.873369949999997,0.0
2020-06-13 22:00:00,0.0,0.0,22.49749228452381,20.088200229761902,0.0
2020-06-13 23:00:00,0.0,0.0,22.250949666666667,20.15772093333333,0.0
2020-06-14 00:00:00,0.0,0.0,22.364489396428574,20.929689051190472,0.0
2020-06-14 01:00:00,0.0,0.0,22.522592116666665,20.96172083333333,0.0
2020-06-14 02:00:00,0.0,0.0,22.59330848333333,21.34575046666667,0.0
2020-06-14 03:00:00,0.0,0.0,22.213901822619047,20.44610273452381,0.0
2020-06-14 04:00:00,0.0,0.0,22.24291536666667,20.48833115,0.0
2020-06-14 05:00:00,0.0,0.0,22.425866078571428,21.21107796904762,0.00012697346816665
2020-06-14 06:00:00,1127.83482140875,11627.84821405,22.673936016666666,22.5474747,0.03927021215999995
2020-06-14 07:00:00,6836.839285775,69640.93303575,23.539026454761906,27.99460284642857,0.2248918093023809
2020-06-14 08:00:00,9812.787499925,99358.660714,23.92623707261905,30.69432553214286,0.3150319813214285
2020-06-14 09:00:00,16365.016071349999,167170.92410725,25.385868849999998,39.45294201666667,0.5309906034999999
2020-06-14 10:00:00,20554.06383935,210268.85714075,26.335831154761905,41.428593069047615,0.6667824055357143
2020-06-14 11:00:00,17371.242410775,177645.94643050001,26.699971583333333,43.935606,0.5948154585
2020-06-14 12:00:00,14370.6017858,146766.5267855,25.13180071190476,36.79865377857143,0.4847506312857142
2020-06-14 13:00:00,20411.994196475,208910.03571675,26.239474983333334,42.76769806666667,0.7362318888333335
2020-06-14 14:00:00,20642.760714275,211340.34821725,27.688987264285714,52.58246293214286,0.78646324
2020-06-14 15:00:00,16711.580357075,170822.51786025,27.223824583333332,43.08104865,0.5412266708333332
2020-06-14 16:00:00,8099.366071475,82568.29017825,26.579945410714284,34.31413820595238,0.2599797173857143
2020-06-14 17:00:00,2699.0589285475,27629.147321625,25.7598145,28.107562749999996,0.08749107396666665
2020-06-14 18:00:00,374.17767857275,3873.6116070999997,25.09665415238095,24.65346915,0.014002664403833324
2020-06-14 19:00:00,0.0,0.0,24.473612483333334,23.046341433333332,0.0
2020-06-14 20:00:00,0.0,0.0,23.930111683333333,22.554721083333334,0.0
2020-06-14 21:00:00,0.0,0.0,23.858401570238094,22.933454108333333,0.0
2020-06-14 22:00:00,0.0,0.0,23.60763445,21.96377408333333,0.0
2020-06-14 23:00:00,0.0,0.0,23.39518747857143,21.881439001190476,0.0
2020-06-15 00:00:00,0.0,0.0,23.17727401666667,22.4160075,0.0
2020-06-15 01:00:00,0.0,0.0,22.683383729761903,21.862138829761907,0.0
2020-06-15 02:00:00,0.0,0.0,22.07839958333333,20.950921666666666,0.0
2020-06-15 03:00:00,0.0,0.0,22.139472383333334,21.214069185714287,0.0
2020-06-15 04:00:00,0.0,0.0,21.752773066666663,20.757487983333334,0.0
2020-06-15 05:00:00,0.0,0.0,21.457321683333333,19.974140916666663,0.000138091058833325
2020-06-15 06:00:00,1596.8004464045002,16413.486607135,21.864438232142856,21.866377639285716,0.05340242310476185
2020-06-15 07:00:00,5313.6325893,54186.88839375,23.327520749999998,27.728564483333336,0.17837619309999997
2020-06-15 08:00:00,15477.934821449999,158070.5535705,25.43203509285714,40.25820238809524,0.5269713745357142
2020-06-15 09:00:00,18573.986607125,189894.008929,26.448857116666666,43.63112078333333,0.63095456
2020-06-15 10:00:00,22049.1977683,225788.8750045,27.585544560714286,47.14695884880952,0.7617215733214285
2020-06-15 11:00:00,18917.753125075,193557.24106924998,28.4831101,46.80040133333333,0.6443778265
2020-06-15 12:00:00,15093.7415177,154216.51339425,28.692966716666668,42.4967612,0.5056802166666666
2020-06-15 13:00:00,12361.334821575001,126232.14732399999,28.603203098809523,41.174695952380944,0.40782484079761905
2020-06-15 14:00:00,14634.194643025001,149544.312501,27.346833866666667,38.91272168333333,0.45539307149999997
2020-06-15 15:00:00,13136.47812505,134090.17410675,28.044850154761903,40.24195003452381,0.42675306820238096
2020-06-15 16:00:00,6383.350446475,65021.013393,27.397171016666665,33.26382648333333,0.2007640328333333
2020-06-15 17:00:00,4163.5575893,42535.870536250004,26.92583765,31.03985451666667,0.1345007618333333
2020-06-15 18:00:00,419.0035714245,4332.8928570675,26.042686801190477,26.302699702380952,0.015338376328333299
2020-06-15 19:00:00,0.0,0.0,23.049438016666663,21.76602726666667,5.017568066666667e-06
2020-06-15 20:00:00,0.0,0.0,23.362708494047617,22.209552420238097,0.0
2020-06-15 21:00:00,0.0,0.0,23.037701316666666,21.173170449999997,0.0
2020-06-15 22:00:00,0.0,0.0,23.300877503571428,22.095660177380953,0.0
2020-06-15 23:00:00,0.0,0.0,23.623521433333337,22.98429001666667,0.0
2020-06-16 00:00:00,0.0,0.0,22.819655816666668,21.487865683333332,0.0
2020-06-16 01:00:00,0.0,0.0,22.677045014285714,21.159931083333333,0.0
2020-06-16 02:00:00,0.0,0.0,22.599575816666665,21.715682966666666,0.0
2020-06-16 03:00:00,0.0,0.0,22.44809547857143,21.156207827380953,0.0
2020-06-16 04:00:00,0.0,0.0,22.5892745,21.692397616666668,0.0
2020-06-16 05:00:00,0.0,0.0,22.602972416666667,21.779056333333333,1.122602905e-05
2020-06-16 06:00:00,1007.6312499967501,10386.6875002425,22.712142269047618,22.528300682142856,0.0338722054270833
2020-06-16 07:00:00,5485.895089325,55950.73214175,23.447478733333334,27.176502,0.1833863181333333
2020-06-16 08:00:00,11403.921428574999,116306.1071425,24.73534229047619,34.93801041309524,0.3733144428333333
2020-06-16 09:00:00,15462.96875,157928.45535675,25.881101449999996,39.426921549999996,0.5148283631666667
2020-06-16 10:00:00,21218.446875424997,217117.94196525,27.19592757857143,47.33734603571429,0.7038898375119047
2020-06-16 11:00:00,18009.6062496,184149.79017825,27.977483183333337,47.303330116666665,0.6148964543333333
2020-06-16 12:00:00,12566.981696449999,128304.06696475,27.883197851190474,41.74386970238095,0.40949925899999995
2020-06-16 13:00:00,14088.895089375,143867.74107075,28.181815616666665,42.46433366666667,0.4535981916666667
2020-06-16 14:00:00,15113.261607075001,154432.19642599998,28.77689892142857,43.287313980952376,0.4946941069523809
2020-06-16 15:00:00,10940.11388895,111555.918651,28.149570699999998,38.320228033333336,0.3470823206666666
2020-06-16 16:00:00,7184.6205357,73231.258929,27.782330266666666,34.336136575,0.23613957660714283
2020-06-16 17:00:00,3301.30401781,33767.5892865,26.632721516666667,28.817044116666665,0.10939043101666665
2020-06-16 18:00:00,593.0232142787501,6126.83035714,25.51785120595238,24.724150036904764,0.020178637374047587
2020-06-16 19:00:00,0.0,0.0,24.601711483333336,22.94106293333333,0.0
2020-06-16 20:00:00,0.0,0.0,23.775777633333334,21.432883200000003,0.0
2020-06-16 21:00:00,0.0,0.0,23.438153320238097,21.46493974285714,0.0
2020-06-16 22:00:00,0.0,0.0,22.936378949999998,20.77158915,0.0
2020-06-16 23:00:00,0.0,0.0,22.93180405357143,21.328507840476192,0.0
2020-06-17 00:00:00,0.0,0.0,22.846617083333335,21.3537969,0.0
2020-06-17 01:00:00,0.0,0.0,22.70078012738095,21.291285702380954,0.0
2020-06-17 02:00:00,0.0,0.0,22.669676716666665,21.595478783333334,0.0
2020-06-17 03:00:00,0.0,0.0,22.807959297619043,22.40489265714286,0.0
2020-06-17 04:00:00,0.0,0.0,22.6337062,21.78957065,0.0
2020-06-17 05:00:00,0.0,0.0,22.145908099999996,21.368874599999998,0.0
2020-06-17 06:00:00,441.624107143,4548.339285715,22.100052728296703,21.637654995787546,0.025497285651607103
2020-06-17 07:00:00,5672.172767875,57797.16964325,22.88926995,27.37764788333333,0.1832724854833333
2020-06-17 08:00:00,8210.82812495,83552.62053625,24.123298365476188,31.94510546309524,0.25843967573809523
2020-06-17 09:00:00,12425.151339275,126797.4955355,25.1595343,35.887899166666664,0.38853449083333336
2020-06-17 10:00:00,14456.520089275,147595.07142875,26.073765203571426,39.44395437142857,0.4612407089166667
2020-06-17 11:00:00,18258.048214324997,186699.63839500002,27.000588,41.90951625,0.611262627
2020-06-17 12:00:00,24023.68973255,246067.8705415,28.7729528,51.182367366666675,0.8368484455
2020-06-17 13:00:00,18241.05714285,186492.8616075,28.77205324404762,43.960901871428575,0.587629486095238
2020-06-17 14:00:00,15344.71026785,156749.5758925,28.689971966666665,42.2812987,0.4926753458333333
2020-06-17 15:00:00,4637.74910721,47399.97767825,26.42654375357143,31.00547588928571,0.14068963479523808
2020-06-17 16:00:00,5294.725,54000.4330355,24.049744599999997,27.60725191666667,0.15627379444999998
2020-06-17 17:00:00,2766.84794638,28397.772321875,24.210150170887445,26.24752226601732,0.0866563529958874
2020-06-17 18:00:00,543.57232143,5620.299107195,23.897948291666665,23.64455114047619,0.01810780976573806
2020-06-17 19:00:00,0.0,0.0,23.3677755,22.418034866666666,0.0
2020-06-17 20:00:00,0.0,0.0,22.918253675,21.024839270238097,0.0
2020-06-17 21:00:00,0.0,0.0,22.9815333,21.7355113,0.0
2020-06-17 22:00:00,0.0,0.0,22.271178683333332,21.060298116666665,0.0
2020-06-17 23:00:00,0.0,0.0,22.004218177380952,20.815292605952383,0.0
