datetime,sw_radiation,temp_2m,cloud_cover
2020-05-15 00:00:00,0.0,29.5,13
2020-05-15 01:00:00,0.0,28.7,8
2020-05-15 02:00:00,0.0,28.0,16
2020-05-15 03:00:00,0.0,27.5,39
2020-05-15 04:00:00,0.0,27.0,36
2020-05-15 05:00:00,0.0,26.4,69
2020-05-15 06:00:00,20.0,26.6,47
2020-05-15 07:00:00,170.0,27.5,62
2020-05-15 08:00:00,390.0,29.2,6
2020-05-15 09:00:00,609.0,31.5,32
2020-05-15 10:00:00,789.0,33.7,66
2020-05-15 11:00:00,910.0,35.8,87
2020-05-15 12:00:00,964.0,37.3,94
2020-05-15 13:00:00,943.0,38.3,88
2020-05-15 14:00:00,853.0,39.1,57
2020-05-15 15:00:00,686.0,39.5,29
2020-05-15 16:00:00,462.0,39.6,52
2020-05-15 17:00:00,253.0,39.0,21
2020-05-15 18:00:00,63.0,37.4,33
2020-05-15 19:00:00,0.0,36.6,72
2020-05-15 20:00:00,0.0,35.2,66
2020-05-15 21:00:00,0.0,34.0,38
2020-05-15 22:00:00,0.0,32.9,21
2020-05-15 23:00:00,0.0,31.9,26
2020-05-16 00:00:00,0.0,31.0,30
2020-05-16 01:00:00,0.0,30.4,9
2020-05-16 02:00:00,0.0,30.0,24
2020-05-16 03:00:00,0.0,29.4,33
2020-05-16 04:00:00,0.0,28.9,11
2020-05-16 05:00:00,0.0,28.5,11
2020-05-16 06:00:00,18.0,29.0,97
2020-05-16 07:00:00,158.0,30.1,99
2020-05-16 08:00:00,334.0,31.5,98
2020-05-16 09:00:00,564.0,33.2,96
2020-05-16 10:00:00,758.0,34.9,91
2020-05-16 11:00:00,868.0,36.4,31
2020-05-16 12:00:00,930.0,37.7,6
2020-05-16 13:00:00,880.0,39.0,24
2020-05-16 14:00:00,704.0,39.3,69
2020-05-16 15:00:00,577.0,39.2,69
2020-05-16 16:00:00,350.0,35.8,100
2020-05-16 17:00:00,213.0,37.1,100
2020-05-16 18:00:00,52.0,36.7,100
2020-05-16 19:00:00,0.0,36.4,100
2020-05-16 20:00:00,0.0,34.4,100
2020-05-16 21:00:00,0.0,33.7,100
2020-05-16 22:00:00,0.0,33.4,100
2020-05-16 23:00:00,0.0,33.2,100
2020-05-17 00:00:00,0.0,31.5,100
2020-05-17 01:00:00,0.0,31.3,100
2020-05-17 02:00:00,0.0,30.6,100
2020-05-17 03:00:00,0.0,30.2,100
2020-05-17 04:00:00,0.0,30.0,99
2020-05-17 05:00:00,0.0,29.2,85
2020-05-17 06:00:00,19.0,29.4,100
2020-05-17 07:00:00,145.0,30.1,100
2020-05-17 08:00:00,337.0,31.4,100
2020-05-17 09:00:00,530.0,33.0,100
2020-05-17 10:00:00,694.0,34.4,99
2020-05-17 11:00:00,712.0,35.6,98
2020-05-17 12:00:00,861.0,37.2,100
2020-05-17 13:00:00,602.0,37.6,100
2020-05-17 14:00:00,438.0,38.1,100
2020-05-17 15:00:00,466.0,38.4,100
2020-05-17 16:00:00,232.0,36.4,100
2020-05-17 17:00:00,110.0,35.0,100
2020-05-17 18:00:00,42.0,34.6,100
2020-05-17 19:00:00,0.0,33.9,100
2020-05-17 20:00:00,0.0,34.0,100
2020-05-17 21:00:00,0.0,33.9,100
2020-05-17 22:00:00,0.0,33.1,100
2020-05-17 23:00:00,0.0,30.5,100
2020-05-18 00:00:00,0.0,28.0,100
2020-05-18 01:00:00,0.0,28.4,100
2020-05-18 02:00:00,0.0,28.4,100
2020-05-18 03:00:00,0.0,28.6,100
2020-05-18 04:00:00,0.0,28.6,100
2020-05-18 05:00:00,0.0,28.6,98
2020-05-18 06:00:00,19.0,28.8,80
2020-05-18 07:00:00,138.0,30.1,52
2020-05-18 08:00:00,346.0,31.9,100
2020-05-18 09:00:00,534.0,34.0,100
2020-05-18 10:00:00,735.0,36.0,100
2020-05-18 11:00:00,780.0,37.5,100
2020-05-18 12:00:00,870.0,38.8,100
2020-05-18 13:00:00,637.0,32.4,100
2020-05-18 14:00:00,383.0,32.1,100
2020-05-18 15:00:00,322.0,34.8,100
2020-05-18 16:00:00,298.0,35.9,100
2020-05-18 17:00:00,143.0,35.6,100
2020-05-18 18:00:00,43.0,34.3,100
2020-05-18 19:00:00,0.0,32.9,100
2020-05-18 20:00:00,0.0,32.6,100
2020-05-18 21:00:00,0.0,31.9,100
2020-05-18 22:00:00,0.0,31.7,100
2020-05-18 23:00:00,0.0,31.0,100
2020-05-19 00:00:00,0.0,30.4,100
2020-05-19 01:00:00,0.0,29.9,100
2020-05-19 02:00:00,0.0,29.5,100
2020-05-19 03:00:00,0.0,29.1,100
2020-05-19 04:00:00,0.0,28.7,100
2020-05-19 05:00:00,0.0,28.0,100
2020-05-19 06:00:00,18.0,28.2,100
2020-05-19 07:00:00,148.0,29.3,100
2020-05-19 08:00:00,297.0,31.0,100
2020-05-19 09:00:00,512.0,33.2,100
2020-05-19 10:00:00,721.0,35.4,100
2020-05-19 11:00:00,808.0,37.0,100
2020-05-19 12:00:00,813.0,38.3,100
2020-05-19 13:00:00,751.0,39.2,100
2020-05-19 14:00:00,485.0,38.7,100
2020-05-19 15:00:00,386.0,39.4,100
2020-05-19 16:00:00,266.0,39.0,100
2020-05-19 17:00:00,128.0,38.1,100
2020-05-19 18:00:00,53.0,36.7,100
2020-05-19 19:00:00,0.0,35.5,100
2020-05-19 20:00:00,0.0,33.5,100
2020-05-19 21:00:00,0.0,32.0,100
2020-05-19 22:00:00,0.0,31.3,98
2020-05-19 23:00:00,0.0,30.4,100
2020-05-20 00:00:00,0.0,29.9,100
2020-05-20 01:00:00,0.0,29.4,100
2020-05-20 02:00:00,0.0,28.7,100
2020-05-20 03:00:00,0.0,28.0,100
2020-05-20 04:00:00,0.0,27.4,99
2020-05-20 05:00:00,0.0,27.4,95
2020-05-20 06:00:00,20.0,27.6,100
2020-05-20 07:00:00,158.0,28.5,100
2020-05-20 08:00:00,359.0,30.1,100
2020-05-20 09:00:00,555.0,32.2,100
2020-05-20 10:00:00,714.0,34.5,99
2020-05-20 11:00:00,854.0,36.5,100
2020-05-20 12:00:00,915.0,38.2,100
2020-05-20 13:00:00,763.0,39.0,100
2020-05-20 14:00:00,601.0,39.3,99
2020-05-20 15:00:00,521.0,39.5,99
2020-05-20 16:00:00,338.0,39.4,98
2020-05-20 17:00:00,238.0,39.1,98
2020-05-20 18:00:00,63.0,36.8,99
2020-05-20 19:00:00,0.0,35.5,95
2020-05-20 20:00:00,0.0,34.4,93
2020-05-20 21:00:00,0.0,34.2,95
2020-05-20 22:00:00,0.0,33.1,98
2020-05-20 23:00:00,0.0,31.8,97
2020-05-21 00:00:00,0.0,30.5,96
2020-05-21 01:00:00,0.0,29.6,99
2020-05-21 02:00:00,0.0,28.9,95
2020-05-21 03:00:00,0.0,28.4,99
2020-05-21 04:00:00,0.0,27.9,97
2020-05-21 05:00:00,0.0,27.7,97
2020-05-21 06:00:00,22.0,27.8,72
2020-05-21 07:00:00,171.0,28.7,86
2020-05-21 08:00:00,383.0,30.4,86
2020-05-21 09:00:00,601.0,32.7,78
2020-05-21 10:00:00,783.0,35.4,83
2020-05-21 11:00:00,905.0,37.4,88
2020-05-21 12:00:00,949.0,38.9,85
2020-05-21 13:00:00,771.0,39.7,69
2020-05-21 14:00:00,706.0,40.4,41
2020-05-21 15:00:00,513.0,40.3,57
2020-05-21 16:00:00,337.0,40.1,55
2020-05-21 17:00:00,174.0,40.1,68
2020-05-21 18:00:00,71.0,39.0,10
2020-05-21 19:00:00,0.0,37.5,24
2020-05-21 20:00:00,0.0,36.3,10
2020-05-21 21:00:00,0.0,35.4,40
2020-05-21 22:00:00,0.0,34.1,38
2020-05-21 23:00:00,0.0,33.2,8
2020-05-22 00:00:00,0.0,32.2,3
2020-05-22 01:00:00,0.0,30.9,2
2020-05-22 02:00:00,0.0,29.9,1
2020-05-22 03:00:00,0.0,29.0,1
2020-05-22 04:00:00,0.0,28.4,1
2020-05-22 05:00:00,0.0,28.0,31
2020-05-22 06:00:00,22.0,27.9,50
2020-05-22 07:00:00,176.0,28.7,25
2020-05-22 08:00:00,394.0,30.5,34
2020-05-22 09:00:00,607.0,32.8,0
2020-05-22 10:00:00,783.0,35.1,0
2020-05-22 11:00:00,905.0,37.2,0
2020-05-22 12:00:00,960.0,39.0,2
2020-05-22 13:00:00,845.0,39.9,40
2020-05-22 14:00:00,661.0,40.2,29
2020-05-22 15:00:00,556.0,40.2,43
2020-05-22 16:00:00,403.0,40.4,50
2020-05-22 17:00:00,238.0,40.4,82
2020-05-22 18:00:00,74.0,39.4,8
2020-05-22 19:00:00,0.0,38.1,8
2020-05-22 20:00:00,0.0,36.8,7
2020-05-22 21:00:00,0.0,35.4,94
2020-05-22 22:00:00,0.0,33.9,94
2020-05-22 23:00:00,0.0,33.9,52
2020-05-23 00:00:00,0.0,32.6,76
2020-05-23 01:00:00,0.0,31.1,59
2020-05-23 02:00:00,0.0,30.0,22
2020-05-23 03:00:00,0.0,29.5,62
2020-05-23 04:00:00,0.0,28.8,37
2020-05-23 05:00:00,0.0,28.8,13
2020-05-23 06:00:00,22.0,29.2,22
2020-05-23 07:00:00,176.0,30.5,0
2020-05-23 08:00:00,395.0,32.5,7
2020-05-23 09:00:00,609.0,34.7,9
2020-05-23 10:00:00,784.0,36.8,43
2020-05-23 11:00:00,903.0,38.7,32
2020-05-23 12:00:00,846.0,39.7,40
2020-05-23 13:00:00,761.0,40.2,37
2020-05-23 14:00:00,713.0,40.6,37
2020-05-23 15:00:00,595.0,40.7,27
2020-05-23 16:00:00,382.0,40.8,25
2020-05-23 17:00:00,202.0,40.5,13
2020-05-23 18:00:00,62.0,39.8,26
2020-05-23 19:00:00,0.0,39.1,22
2020-05-23 20:00:00,0.0,38.2,23
2020-05-23 21:00:00,0.0,36.6,14
2020-05-23 22:00:00,0.0,35.6,9
2020-05-23 23:00:00,0.0,33.2,10
2020-05-24 00:00:00,0.0,32.1,65
2020-05-24 01:00:00,0.0,31.7,100
2020-05-24 02:00:00,0.0,31.4,98
2020-05-24 03:00:00,0.0,31.3,98
2020-05-24 04:00:00,0.0,30.5,72
2020-05-24 05:00:00,0.0,30.6,24
2020-05-24 06:00:00,22.0,30.5,2
2020-05-24 07:00:00,173.0,30.9,6
2020-05-24 08:00:00,387.0,32.3,6
2020-05-24 09:00:00,600.0,34.3,11
2020-05-24 10:00:00,776.0,36.4,0
2020-05-24 11:00:00,893.0,38.2,9
2020-05-24 12:00:00,887.0,39.3,14
2020-05-24 13:00:00,840.0,40.0,39
2020-05-24 14:00:00,653.0,40.0,56
2020-05-24 15:00:00,413.0,39.9,49
2020-05-24 16:00:00,340.0,39.8,88
2020-05-24 17:00:00,126.0,39.7,86
2020-05-24 18:00:00,61.0,39.0,45
2020-05-24 19:00:00,0.0,38.3,32
2020-05-24 20:00:00,0.0,38.0,23
2020-05-24 21:00:00,0.0,36.9,23
2020-05-24 22:00:00,0.0,33.3,19
2020-05-24 23:00:00,0.0,31.9,10
2020-05-25 00:00:00,0.0,31.2,2
2020-05-25 01:00:00,0.0,30.5,2
2020-05-25 02:00:00,0.0,30.1,1
2020-05-25 03:00:00,0.0,29.9,1
2020-05-25 04:00:00,0.0,29.8,2
2020-05-25 05:00:00,0.0,29.3,75
2020-05-25 06:00:00,22.0,30.0,42
2020-05-25 07:00:00,168.0,31.1,39
2020-05-25 08:00:00,383.0,32.5,51
2020-05-25 09:00:00,599.0,34.4,30
2020-05-25 10:00:00,772.0,36.3,48
2020-05-25 11:00:00,873.0,37.8,5
2020-05-25 12:00:00,909.0,39.0,7
2020-05-25 13:00:00,874.0,39.8,38
2020-05-25 14:00:00,725.0,39.9,44
2020-05-25 15:00:00,493.0,39.7,55
2020-05-25 16:00:00,302.0,39.8,63
2020-05-25 17:00:00,174.0,38.3,47
2020-05-25 18:00:00,52.0,37.8,38
2020-05-25 19:00:00,0.0,37.4,32
2020-05-25 20:00:00,0.0,36.7,38
2020-05-25 21:00:00,0.0,36.2,29
2020-05-25 22:00:00,0.0,32.7,34
2020-05-25 23:00:00,0.0,32.3,53
2020-05-26 00:00:00,0.0,31.5,72
2020-05-26 01:00:00,0.0,30.8,76
2020-05-26 02:00:00,0.0,30.4,73
2020-05-26 03:00:00,0.0,29.9,52
2020-05-26 04:00:00,0.0,29.6,9
2020-05-26 05:00:00,0.0,28.8,8
2020-05-26 06:00:00,22.0,29.1,1
2020-05-26 07:00:00,172.0,30.0,1
2020-05-26 08:00:00,385.0,32.0,43
2020-05-26 09:00:00,568.0,34.2,12
2020-05-26 10:00:00,762.0,36.1,10
2020-05-26 11:00:00,885.0,37.8,7
2020-05-26 12:00:00,908.0,39.1,16
2020-05-26 13:00:00,816.0,40.0,30
2020-05-26 14:00:00,718.0,40.1,48
2020-05-26 15:00:00,491.0,39.2,45
2020-05-26 16:00:00,293.0,36.4,45
2020-05-26 17:00:00,187.0,36.3,29
2020-05-26 18:00:00,62.0,36.6,39
2020-05-26 19:00:00,0.0,36.8,31
2020-05-26 20:00:00,0.0,36.5,29
2020-05-26 21:00:00,0.0,34.9,20
2020-05-26 22:00:00,0.0,34.3,18
2020-05-26 23:00:00,0.0,33.9,13
2020-05-27 00:00:00,0.0,32.8,49
2020-05-27 01:00:00,0.0,32.4,63
2020-05-27 02:00:00,0.0,32.0,64
2020-05-27 03:00:00,0.0,31.6,37
2020-05-27 04:00:00,0.0,31.5,19
2020-05-27 05:00:00,0.0,31.0,5
2020-05-27 06:00:00,22.0,30.9,4
2020-05-27 07:00:00,170.0,31.5,1
2020-05-27 08:00:00,384.0,32.8,0
2020-05-27 09:00:00,594.0,34.5,0
2020-05-27 10:00:00,767.0,36.3,3
2020-05-27 11:00:00,877.0,37.9,3
2020-05-27 12:00:00,906.0,39.3,15
2020-05-27 13:00:00,805.0,40.3,38
2020-05-27 14:00:00,649.0,40.2,38
2020-05-27 15:00:00,541.0,39.9,34
2020-05-27 16:00:00,388.0,40.1,38
2020-05-27 17:00:00,206.0,39.8,33
2020-05-27 18:00:00,64.0,39.5,40
2020-05-27 19:00:00,1.0,38.5,34
2020-05-27 20:00:00,0.0,37.4,30
2020-05-27 21:00:00,0.0,33.9,36
2020-05-27 22:00:00,0.0,32.0,16
2020-05-27 23:00:00,0.0,32.1,8
2020-05-28 00:00:00,0.0,31.9,74
2020-05-28 01:00:00,0.0,31.6,80
2020-05-28 02:00:00,0.0,30.9,85
2020-05-28 03:00:00,0.0,30.9,85
2020-05-28 04:00:00,0.0,30.6,82
2020-05-28 05:00:00,0.0,30.1,78
2020-05-28 06:00:00,21.0,30.1,87
2020-05-28 07:00:00,169.0,30.9,88
2020-05-28 08:00:00,340.0,32.3,88
2020-05-28 09:00:00,520.0,34.2,90
2020-05-28 10:00:00,721.0,36.5,86
2020-05-28 11:00:00,885.0,38.6,80
2020-05-28 12:00:00,942.0,40.1,18
2020-05-28 13:00:00,858.0,41.0,23
2020-05-28 14:00:00,738.0,41.4,30
2020-05-28 15:00:00,541.0,41.7,29
2020-05-28 16:00:00,382.0,41.1,82
2020-05-28 17:00:00,189.0,41.0,78
2020-05-28 18:00:00,64.0,40.2,90
2020-05-28 19:00:00,1.0,39.6,82
2020-05-28 20:00:00,0.0,38.9,86
2020-05-28 21:00:00,0.0,38.3,78
2020-05-28 22:00:00,0.0,37.0,81
2020-05-28 23:00:00,0.0,35.9,77
2020-05-29 00:00:00,0.0,34.7,57
2020-05-29 01:00:00,0.0,33.3,54
2020-05-29 02:00:00,0.0,31.9,31
2020-05-29 03:00:00,0.0,30.9,1
2020-05-29 04:00:00,0.0,30.1,1
2020-05-29 05:00:00,0.0,29.4,1
2020-05-29 06:00:00,22.0,29.2,58
2020-05-29 07:00:00,173.0,30.2,54
2020-05-29 08:00:00,389.0,31.8,41
2020-05-29 09:00:00,599.0,33.9,17
2020-05-29 10:00:00,772.0,35.9,12
2020-05-29 11:00:00,891.0,37.8,80
2020-05-29 12:00:00,903.0,39.2,52
2020-05-29 13:00:00,718.0,39.6,37
2020-05-29 14:00:00,780.0,40.4,23
2020-05-29 15:00:00,631.0,40.7,19
2020-05-29 16:00:00,439.0,40.9,18
2020-05-29 17:00:00,239.0,40.6,41
2020-05-29 18:00:00,62.0,40.0,53
2020-05-29 19:00:00,1.0,39.8,66
2020-05-29 20:00:00,0.0,39.0,90
2020-05-29 21:00:00,0.0,37.4,61
2020-05-29 22:00:00,0.0,36.7,43
2020-05-29 23:00:00,0.0,33.2,35
2020-05-30 00:00:00,0.0,31.7,23
2020-05-30 01:00:00,0.0,31.1,15
2020-05-30 02:00:00,0.0,30.7,32
2020-05-30 03:00:00,0.0,30.4,53
2020-05-30 04:00:00,0.0,30.0,54
2020-05-30 05:00:00,0.0,29.0,33
2020-05-30 06:00:00,20.0,29.1,18
2020-05-30 07:00:00,159.0,30.2,21
2020-05-30 08:00:00,372.0,32.0,34
2020-05-30 09:00:00,579.0,34.2,36
2020-05-30 10:00:00,748.0,36.2,17
2020-05-30 11:00:00,883.0,37.7,6
2020-05-30 12:00:00,929.0,38.8,24
2020-05-30 13:00:00,827.0,39.3,30
2020-05-30 14:00:00,690.0,39.8,30
2020-05-30 15:00:00,557.0,39.9,26
2020-05-30 16:00:00,395.0,39.6,38
2020-05-30 17:00:00,223.0,35.1,27
2020-05-30 18:00:00,59.0,34.4,73
2020-05-30 19:00:00,1.0,34.1,38
2020-05-30 20:00:00,0.0,33.7,35
2020-05-30 21:00:00,0.0,33.1,17
2020-05-30 22:00:00,0.0,32.4,15
2020-05-30 23:00:00,0.0,32.0,12
2020-05-31 00:00:00,0.0,31.5,11
2020-05-31 01:00:00,0.0,31.0,11
2020-05-31 02:00:00,0.0,30.6,28
2020-05-31 03:00:00,0.0,30.3,34
2020-05-31 04:00:00,0.0,30.1,29
2020-05-31 05:00:00,0.0,30.1,6
2020-05-31 06:00:00,6.0,30.0,81
2020-05-31 07:00:00,104.0,30.7,77
2020-05-31 08:00:00,214.0,30.5,72
2020-05-31 09:00:00,302.0,31.0,96
2020-05-31 10:00:00,263.0,31.4,100
2020-05-31 11:00:00,373.0,32.4,98
2020-05-31 12:00:00,416.0,33.2,99
2020-05-31 13:00:00,628.0,34.3,79
2020-05-31 14:00:00,752.0,36.0,74
2020-05-31 15:00:00,645.0,36.4,79
2020-05-31 16:00:00,407.0,35.1,90
2020-05-31 17:00:00,182.0,36.0,97
2020-05-31 18:00:00,63.0,35.3,94
2020-05-31 19:00:00,1.0,34.3,94
2020-05-31 20:00:00,0.0,33.9,88
2020-05-31 21:00:00,0.0,33.4,39
2020-05-31 22:00:00,0.0,33.0,57
2020-05-31 23:00:00,0.0,32.2,83
2020-06-01 00:00:00,0.0,30.7,94
2020-06-01 01:00:00,0.0,28.5,98
2020-06-01 02:00:00,0.0,28.2,100
2020-06-01 03:00:00,0.0,28.1,99
2020-06-01 04:00:00,0.0,27.8,99
2020-06-01 05:00:00,0.0,26.3,99
2020-06-01 06:00:00,12.0,26.7,99
2020-06-01 07:00:00,134.0,27.7,98
2020-06-01 08:00:00,325.0,29.0,96
2020-06-01 09:00:00,523.0,30.5,93
2020-06-01 10:00:00,733.0,32.6,98
2020-06-01 11:00:00,845.0,33.9,80
2020-06-01 12:00:00,827.0,34.8,86
2020-06-01 13:00:00,842.0,35.7,42
2020-06-01 14:00:00,761.0,36.2,19
2020-06-01 15:00:00,591.0,36.5,66
2020-06-01 16:00:00,408.0,36.0,83
2020-06-01 17:00:00,211.0,33.8,82
2020-06-01 18:00:00,65.0,32.4,98
2020-06-01 19:00:00,1.0,30.3,98
2020-06-01 20:00:00,0.0,28.8,100
2020-06-01 21:00:00,0.0,27.6,100
2020-06-01 22:00:00,0.0,27.4,100
2020-06-01 23:00:00,0.0,27.0,100
2020-06-02 00:00:00,0.0,25.6,100
2020-06-02 01:00:00,0.0,25.4,100
2020-06-02 02:00:00,0.0,25.2,100
2020-06-02 03:00:00,0.0,25.2,100
2020-06-02 04:00:00,0.0,25.2,100
2020-06-02 05:00:00,0.0,25.3,100
2020-06-02 06:00:00,16.0,25.8,100
2020-06-02 07:00:00,129.0,26.9,98
2020-06-02 08:00:00,340.0,28.5,96
2020-06-02 09:00:00,531.0,29.7,98
2020-06-02 10:00:00,639.0,30.9,97
2020-06-02 11:00:00,845.0,32.4,96
2020-06-02 12:00:00,906.0,33.3,66
2020-06-02 13:00:00,858.0,34.1,47
2020-06-02 14:00:00,775.0,34.6,65
2020-06-02 15:00:00,468.0,29.4,89
2020-06-02 16:00:00,347.0,30.4,91
2020-06-02 17:00:00,157.0,30.5,95
2020-06-02 18:00:00,74.0,30.1,68
2020-06-02 19:00:00,1.0,29.4,66
2020-06-02 20:00:00,0.0,28.7,79
2020-06-02 21:00:00,0.0,28.3,88
2020-06-02 22:00:00,0.0,28.1,86
2020-06-02 23:00:00,0.0,27.8,91
2020-06-03 00:00:00,0.0,27.5,91
2020-06-03 01:00:00,0.0,27.5,88
2020-06-03 02:00:00,0.0,26.9,92
2020-06-03 03:00:00,0.0,26.3,92
2020-06-03 04:00:00,0.0,26.1,88
2020-06-03 05:00:00,0.0,26.4,93
2020-06-03 06:00:00,19.0,27.2,99
2020-06-03 07:00:00,112.0,28.0,99
2020-06-03 08:00:00,292.0,29.0,98
2020-06-03 09:00:00,502.0,30.0,96
2020-06-03 10:00:00,737.0,31.5,86
2020-06-03 11:00:00,861.0,32.8,88
2020-06-03 12:00:00,827.0,34.0,78
2020-06-03 13:00:00,696.0,34.6,99
2020-06-03 14:00:00,473.0,33.2,64
2020-06-03 15:00:00,542.0,34.1,64
2020-06-03 16:00:00,354.0,33.2,97
2020-06-03 17:00:00,208.0,33.0,100
2020-06-03 18:00:00,60.0,30.8,87
2020-06-03 19:00:00,1.0,30.0,86
2020-06-03 20:00:00,0.0,29.6,90
2020-06-03 21:00:00,0.0,29.3,89
2020-06-03 22:00:00,0.0,28.6,89
2020-06-03 23:00:00,0.0,28.2,88
2020-06-04 00:00:00,0.0,27.6,87
2020-06-04 01:00:00,0.0,27.1,90
2020-06-04 02:00:00,0.0,26.5,94
2020-06-04 03:00:00,0.0,26.0,94
2020-06-04 04:00:00,0.0,25.8,90
2020-06-04 05:00:00,0.0,26.0,88
2020-06-04 06:00:00,19.0,26.3,99
2020-06-04 07:00:00,54.0,26.4,91
2020-06-04 08:00:00,282.0,28.3,95
2020-06-04 09:00:00,455.0,28.7,93
2020-06-04 10:00:00,402.0,29.2,94
2020-06-04 11:00:00,775.0,32.3,98
2020-06-04 12:00:00,770.0,33.0,97
2020-06-04 13:00:00,780.0,34.0,100
2020-06-04 14:00:00,723.0,34.3,100
2020-06-04 15:00:00,579.0,34.4,100
2020-06-04 16:00:00,420.0,33.8,98
2020-06-04 17:00:00,202.0,33.8,98
2020-06-04 18:00:00,73.0,33.1,100
2020-06-04 19:00:00,1.0,31.9,100
2020-06-04 20:00:00,0.0,30.9,97
2020-06-04 21:00:00,0.0,30.0,91
2020-06-04 22:00:00,0.0,29.4,93
2020-06-04 23:00:00,0.0,29.1,95
2020-06-05 00:00:00,0.0,28.6,96
2020-06-05 01:00:00,0.0,28.0,90
2020-06-05 02:00:00,0.0,27.5,23
2020-06-05 03:00:00,0.0,27.0,73
2020-06-05 04:00:00,0.0,26.5,11
2020-06-05 05:00:00,0.0,26.6,2
2020-06-05 06:00:00,21.0,27.1,63
2020-06-05 07:00:00,152.0,27.9,68
2020-06-05 08:00:00,363.0,29.3,74
2020-06-05 09:00:00,587.0,31.1,72
2020-06-05 10:00:00,757.0,32.8,73
2020-06-05 11:00:00,846.0,33.9,79
2020-06-05 12:00:00,807.0,34.5,34
2020-06-05 13:00:00,793.0,35.3,98
2020-06-05 14:00:00,659.0,36.0,95
2020-06-05 15:00:00,506.0,35.9,100
2020-06-05 16:00:00,380.0,35.4,99
2020-06-05 17:00:00,237.0,35.0,99
2020-06-05 18:00:00,70.0,34.7,99
2020-06-05 19:00:00,1.0,33.0,98
2020-06-05 20:00:00,0.0,32.8,97
2020-06-05 21:00:00,0.0,32.2,96
2020-06-05 22:00:00,0.0,31.7,96
2020-06-05 23:00:00,0.0,31.0,97
2020-06-06 00:00:00,0.0,30.3,97
2020-06-06 01:00:00,0.0,29.5,97
2020-06-06 02:00:00,0.0,28.7,96
2020-06-06 03:00:00,0.0,28.0,95
2020-06-06 04:00:00,0.0,27.4,93
2020-06-06 05:00:00,0.0,27.2,85
2020-06-06 06:00:00,22.0,27.4,92
2020-06-06 07:00:00,168.0,28.3,92
2020-06-06 08:00:00,379.0,29.8,87
2020-06-06 09:00:00,579.0,31.7,79
2020-06-06 10:00:00,732.0,33.4,55
2020-06-06 11:00:00,814.0,34.8,35
2020-06-06 12:00:00,856.0,35.6,20
2020-06-06 13:00:00,847.0,37.0,31
2020-06-06 14:00:00,723.0,37.2,44
2020-06-06 15:00:00,557.0,37.1,37
2020-06-06 16:00:00,398.0,37.1,79
2020-06-06 17:00:00,217.0,36.9,82
2020-06-06 18:00:00,75.0,36.3,100
2020-06-06 19:00:00,1.0,34.9,68
2020-06-06 20:00:00,0.0,34.5,74
2020-06-06 21:00:00,0.0,33.8,91
2020-06-06 22:00:00,0.0,32.5,98
2020-06-06 23:00:00,0.0,31.0,99
2020-06-07 00:00:00,0.0,30.2,100
2020-06-07 01:00:00,0.0,29.2,100
2020-06-07 02:00:00,0.0,28.4,92
2020-06-07 03:00:00,0.0,27.7,90
2020-06-07 04:00:00,0.0,27.1,95
2020-06-07 05:00:00,0.0,27.1,94
2020-06-07 06:00:00,19.0,27.2,98
2020-06-07 07:00:00,159.0,28.1,95
2020-06-07 08:00:00,370.0,29.8,97
2020-06-07 09:00:00,572.0,31.7,99
2020-06-07 10:00:00,747.0,33.6,99
2020-06-07 11:00:00,795.0,34.9,98
2020-06-07 12:00:00,877.0,36.0,84
2020-06-07 13:00:00,863.0,36.9,97
2020-06-07 14:00:00,782.0,37.1,97
2020-06-07 15:00:00,653.0,37.3,98
2020-06-07 16:00:00,430.0,37.0,99
2020-06-07 17:00:00,200.0,36.9,99
2020-06-07 18:00:00,62.0,35.5,98
2020-06-07 19:00:00,1.0,33.9,98
2020-06-07 20:00:00,0.0,33.1,97
2020-06-07 21:00:00,0.0,32.1,97
2020-06-07 22:00:00,0.0,31.3,97
2020-06-07 23:00:00,0.0,30.7,92
2020-06-08 00:00:00,0.0,30.4,95
2020-06-08 01:00:00,0.0,29.8,91
2020-06-08 02:00:00,0.0,29.0,88
2020-06-08 03:00:00,0.0,28.4,90
2020-06-08 04:00:00,0.0,27.8,76
2020-06-08 05:00:00,0.0,27.4,95
2020-06-08 06:00:00,15.0,27.6,45
2020-06-08 07:00:00,128.0,28.3,38
2020-06-08 08:00:00,337.0,29.9,43
2020-06-08 09:00:00,549.0,31.9,62
2020-06-08 10:00:00,596.0,33.2,60
2020-06-08 11:00:00,796.0,35.4,34
2020-06-08 12:00:00,865.0,36.6,81
2020-06-08 13:00:00,872.0,37.6,85
2020-06-08 14:00:00,767.0,38.2,92
2020-06-08 15:00:00,605.0,38.1,98
2020-06-08 16:00:00,401.0,37.7,99
2020-06-08 17:00:00,209.0,37.1,98
2020-06-08 18:00:00,56.0,36.6,99
2020-06-08 19:00:00,1.0,36.0,99
2020-06-08 20:00:00,0.0,34.4,97
2020-06-08 21:00:00,0.0,33.8,96
2020-06-08 22:00:00,0.0,33.0,86
2020-06-08 23:00:00,0.0,32.4,99
2020-06-09 00:00:00,0.0,31.5,98
2020-06-09 01:00:00,0.0,30.4,100
2020-06-09 02:00:00,0.0,29.5,95
2020-06-09 03:00:00,0.0,28.8,95
2020-06-09 04:00:00,0.0,28.2,96
2020-06-09 05:00:00,0.0,28.0,93
2020-06-09 06:00:00,18.0,27.9,92
2020-06-09 07:00:00,150.0,28.4,94
2020-06-09 08:00:00,338.0,29.8,97
2020-06-09 09:00:00,439.0,31.2,100
2020-06-09 10:00:00,589.0,33.0,93
2020-06-09 11:00:00,828.0,35.0,100
2020-06-09 12:00:00,853.0,36.4,100
2020-06-09 13:00:00,839.0,37.6,100
2020-06-09 14:00:00,721.0,38.0,99
2020-06-09 15:00:00,646.0,38.2,96
2020-06-09 16:00:00,420.0,37.7,100
2020-06-09 17:00:00,211.0,37.0,100
2020-06-09 18:00:00,86.0,36.4,100
2020-06-09 19:00:00,1.0,35.9,100
2020-06-09 20:00:00,0.0,34.9,100
2020-06-09 21:00:00,0.0,33.3,100
2020-06-09 22:00:00,0.0,31.9,95
2020-06-09 23:00:00,0.0,31.3,84
2020-06-10 00:00:00,0.0,30.6,80
2020-06-10 01:00:00,0.0,30.0,93
2020-06-10 02:00:00,0.0,29.4,95
2020-06-10 03:00:00,0.0,28.9,96
2020-06-10 04:00:00,0.0,28.5,97
2020-06-10 05:00:00,0.0,28.0,100
2020-06-10 06:00:00,6.0,28.4,100
2020-06-10 07:00:00,61.0,28.6,100
2020-06-10 08:00:00,183.0,29.2,100
2020-06-10 09:00:00,225.0,29.3,100
2020-06-10 10:00:00,184.0,29.5,100
2020-06-10 11:00:00,335.0,31.8,100
2020-06-10 12:00:00,406.0,34.0,100
2020-06-10 13:00:00,218.0,31.1,100
2020-06-10 14:00:00,160.0,31.6,100
2020-06-10 15:00:00,193.0,32.0,100
2020-06-10 16:00:00,170.0,33.3,100
2020-06-10 17:00:00,96.0,33.4,100
2020-06-10 18:00:00,21.0,33.1,100
2020-06-10 19:00:00,0.0,30.7,100
2020-06-10 20:00:00,0.0,27.0,100
2020-06-10 21:00:00,0.0,26.7,99
2020-06-10 22:00:00,0.0,26.0,100
2020-06-10 23:00:00,0.0,25.5,100
2020-06-11 00:00:00,0.0,25.4,100
2020-06-11 01:00:00,0.0,25.6,100
2020-06-11 02:00:00,0.0,25.7,100
2020-06-11 03:00:00,0.0,25.2,100
2020-06-11 04:00:00,0.0,24.9,100
2020-06-11 05:00:00,0.0,24.9,100
2020-06-11 06:00:00,4.0,25.2,100
2020-06-11 07:00:00,22.0,25.2,100
2020-06-11 08:00:00,66.0,25.6,100
2020-06-11 09:00:00,246.0,26.6,100
2020-06-11 10:00:00,320.0,27.5,100
2020-06-11 11:00:00,317.0,27.9,100
2020-06-11 12:00:00,392.0,28.5,100
2020-06-11 13:00:00,453.0,28.8,100
2020-06-11 14:00:00,369.0,28.8,100
2020-06-11 15:00:00,324.0,28.9,100
2020-06-11 16:00:00,176.0,28.5,100
2020-06-11 17:00:00,77.0,27.3,100
2020-06-11 18:00:00,17.0,26.4,100
2020-06-11 19:00:00,0.0,25.8,100
2020-06-11 20:00:00,0.0,25.5,100
2020-06-11 21:00:00,0.0,25.3,100
2020-06-11 22:00:00,0.0,25.1,100
2020-06-11 23:00:00,0.0,24.9,100
2020-06-12 00:00:00,0.0,24.7,100
2020-06-12 01:00:00,0.0,24.4,99
2020-06-12 02:00:00,0.0,24.3,99
2020-06-12 03:00:00,0.0,24.4,100
2020-06-12 04:00:00,0.0,24.4,99
2020-06-12 05:00:00,0.0,24.4,100
2020-06-12 06:00:00,7.0,24.7,100
2020-06-12 07:00:00,88.0,25.3,100
2020-06-12 08:00:00,162.0,26.1,99
2020-06-12 09:00:00,352.0,27.4,100
2020-06-12 10:00:00,306.0,27.9,100
2020-06-12 11:00:00,392.0,28.7,99
2020-06-12 12:00:00,457.0,29.5,100
2020-06-12 13:00:00,275.0,29.7,100
2020-06-12 14:00:00,576.0,31.2,66
2020-06-12 15:00:00,457.0,31.7,79
2020-06-12 16:00:00,359.0,31.1,100
2020-06-12 17:00:00,190.0,28.5,100
2020-06-12 18:00:00,32.0,27.8,98
2020-06-12 19:00:00,1.0,27.6,99
2020-06-12 20:00:00,0.0,27.2,98
2020-06-12 21:00:00,0.0,26.8,91
2020-06-12 22:00:00,0.0,26.5,92
2020-06-12 23:00:00,0.0,26.1,96
2020-06-13 00:00:00,0.0,25.7,100
2020-06-13 01:00:00,0.0,25.5,100
2020-06-13 02:00:00,0.0,25.3,100
2020-06-13 03:00:00,0.0,25.3,100
2020-06-13 04:00:00,0.0,25.1,100
2020-06-13 05:00:00,0.0,25.0,100
2020-06-13 06:00:00,18.0,25.4,100
2020-06-13 07:00:00,148.0,26.5,100
2020-06-13 08:00:00,362.0,27.9,97
2020-06-13 09:00:00,551.0,29.4,98
2020-06-13 10:00:00,651.0,30.7,99
2020-06-13 11:00:00,646.0,31.8,100
2020-06-13 12:00:00,767.0,32.7,99
2020-06-13 13:00:00,743.0,33.4,99
2020-06-13 14:00:00,742.0,33.9,74
2020-06-13 15:00:00,642.0,33.9,74
2020-06-13 16:00:00,430.0,33.1,80
2020-06-13 17:00:00,258.0,32.1,82
2020-06-13 18:00:00,83.0,30.5,82
2020-06-13 19:00:00,2.0,29.8,62
2020-06-13 20:00:00,0.0,29.0,88
2020-06-13 21:00:00,0.0,28.6,78
2020-06-13 22:00:00,0.0,27.8,92
2020-06-13 23:00:00,0.0,27.4,87
2020-06-14 00:00:00,0.0,26.7,91
2020-06-14 01:00:00,0.0,26.4,87
2020-06-14 02:00:00,0.0,26.1,62
2020-06-14 03:00:00,0.0,25.8,86
2020-06-14 04:00:00,0.0,25.6,85
2020-06-14 05:00:00,0.0,25.9,74
2020-06-14 06:00:00,19.0,26.3,93
2020-06-14 07:00:00,134.0,27.4,73
2020-06-14 08:00:00,306.0,28.6,89
2020-06-14 09:00:00,518.0,30.4,95
2020-06-14 10:00:00,415.0,30.6,95
2020-06-14 11:00:00,521.0,31.5,99
2020-06-14 12:00:00,618.0,32.9,97
2020-06-14 13:00:00,725.0,34.1,95
2020-06-14 14:00:00,679.0,32.2,98
2020-06-14 15:00:00,516.0,33.5,94
2020-06-14 16:00:00,402.0,31.7,98
2020-06-14 17:00:00,182.0,33.4,93
2020-06-14 18:00:00,64.0,31.6,98
2020-06-14 19:00:00,2.0,30.9,99
2020-06-14 20:00:00,0.0,30.0,99
2020-06-14 21:00:00,0.0,29.3,99
2020-06-14 22:00:00,0.0,28.5,98
2020-06-14 23:00:00,0.0,27.8,99
2020-06-15 00:00:00,0.0,27.3,100
2020-06-15 01:00:00,0.0,26.8,98
2020-06-15 02:00:00,0.0,26.6,98
2020-06-15 03:00:00,0.0,26.3,98
2020-06-15 04:00:00,0.0,26.2,98
2020-06-15 05:00:00,0.0,26.1,97
2020-06-15 06:00:00,20.0,26.6,95
2020-06-15 07:00:00,144.0,27.7,95
2020-06-15 08:00:00,334.0,29.0,97
2020-06-15 09:00:00,520.0,30.7,98
2020-06-15 10:00:00,583.0,32.1,99
2020-06-15 11:00:00,495.0,32.7,100
2020-06-15 12:00:00,581.0,33.8,99
2020-06-15 13:00:00,689.0,34.4,99
2020-06-15 14:00:00,631.0,34.1,99
2020-06-15 15:00:00,521.0,34.0,99
2020-06-15 16:00:00,328.0,33.5,98
2020-06-15 17:00:00,206.0,33.7,99
2020-06-15 18:00:00,80.0,32.6,99
2020-06-15 19:00:00,2.0,31.7,98
2020-06-15 20:00:00,0.0,30.8,97
2020-06-15 21:00:00,0.0,30.1,98
2020-06-15 22:00:00,0.0,29.3,97
2020-06-15 23:00:00,0.0,28.6,100
2020-06-16 00:00:00,0.0,28.0,100
2020-06-16 01:00:00,0.0,27.5,100
2020-06-16 02:00:00,0.0,27.2,99
2020-06-16 03:00:00,0.0,26.9,99
2020-06-16 04:00:00,0.0,26.6,100
2020-06-16 05:00:00,0.0,26.9,100
2020-06-16 06:00:00,12.0,27.5,100
2020-06-16 07:00:00,89.0,28.3,100
2020-06-16 08:00:00,216.0,29.3,100
2020-06-16 09:00:00,322.0,30.2,100
2020-06-16 10:00:00,437.0,31.7,100
2020-06-16 11:00:00,337.0,32.1,100
2020-06-16 12:00:00,492.0,33.3,100
2020-06-16 13:00:00,377.0,33.7,100
2020-06-16 14:00:00,546.0,34.2,100
2020-06-16 15:00:00,360.0,33.1,100
2020-06-16 16:00:00,336.0,33.5,100
2020-06-16 17:00:00,147.0,33.4,100
2020-06-16 18:00:00,60.0,32.7,100
2020-06-16 19:00:00,2.0,31.9,100
2020-06-16 20:00:00,0.0,31.0,98
2020-06-16 21:00:00,0.0,30.3,98
2020-06-16 22:00:00,0.0,29.7,98
2020-06-16 23:00:00,0.0,29.1,99
2020-06-17 00:00:00,0.0,28.5,99
2020-06-17 01:00:00,0.0,28.0,99
2020-06-17 02:00:00,0.0,27.6,99
2020-06-17 03:00:00,0.0,27.2,100
2020-06-17 04:00:00,0.0,27.0,100
2020-06-17 05:00:00,0.0,27.2,99
2020-06-17 06:00:00,12.0,27.7,99
2020-06-17 07:00:00,86.0,28.4,100
2020-06-17 08:00:00,215.0,29.3,100
2020-06-17 09:00:00,113.0,29.0,100
2020-06-17 10:00:00,268.0,30.2,100
2020-06-17 11:00:00,350.0,31.6,100
2020-06-17 12:00:00,564.0,33.5,100
2020-06-17 13:00:00,432.0,33.9,100
2020-06-17 14:00:00,564.0,34.4,100
2020-06-17 15:00:00,238.0,32.4,100
2020-06-17 16:00:00,187.0,32.6,100
2020-06-17 17:00:00,188.0,32.4,100
2020-06-17 18:00:00,64.0,31.3,98
2020-06-17 19:00:00,1.0,30.1,91
2020-06-17 20:00:00,0.0,29.6,94
2020-06-17 21:00:00,0.0,29.1,100
2020-06-17 22:00:00,0.0,28.9,100
2020-06-17 23:00:00,0.0,28.1,91
